"asset_id","risk_level","probability"
"AST027941","HIGH","0.596"
"AST031943","HIGH","0.5946"
"AST029309","HIGH","0.5942"
"AST013039","HIGH","0.5932"
"AST016760","HIGH","0.5928"
"AST028769","HIGH","0.5924"
"AST040339","HIGH","0.5915"
"AST037758","HIGH","0.5911"
"AST019319","HIGH","0.5895"
"AST040813","HIGH","0.5894"
"AST023097","HIGH","0.5893"
"AST024931","HIGH","0.5889"
"AST025214","HIGH","0.5889"
"AST038653","HIGH","0.5888"
"AST027117","HIGH","0.5888"
"AST039948","HIGH","0.5888"
"AST017331","HIGH","0.5887"
"AST039924","HIGH","0.5885"
"AST004615","HIGH","0.5883"
"AST026208","HIGH","0.5883"
"AST029145","HIGH","0.5882"
"AST025590","HIGH","0.5881"
"AST033575","HIGH","0.5881"
"AST036563","HIGH","0.5878"
"AST023910","HIGH","0.5878"
"AST023935","HIGH","0.5877"
"AST034827","HIGH","0.5877"
"AST028967","HIGH","0.5877"
"AST034888","HIGH","0.5874"
"AST030676","HIGH","0.5874"
"AST024836","HIGH","0.5873"
"AST026363","HIGH","0.587"
"AST020854","HIGH","0.587"
"AST001310","HIGH","0.587"
"AST039268","HIGH","0.5866"
"AST021630","HIGH","0.5866"
"AST033895","HIGH","0.5866"
"AST035193","HIGH","0.5866"
"AST032353","HIGH","0.5864"
"AST040843","HIGH","0.5862"
"AST012115","HIGH","0.5861"
"AST024771","HIGH","0.5861"
"AST026824","HIGH","0.586"
"AST001928","HIGH","0.5857"
"AST029441","HIGH","0.5856"
"AST005343","HIGH","0.5855"
"AST029932","HIGH","0.5855"
"AST033316","HIGH","0.5855"
"AST024686","HIGH","0.5854"
"AST015875","HIGH","0.5854"
"AST028446","HIGH","0.5853"
"AST035567","HIGH","0.5853"
"AST041465","HIGH","0.5852"
"AST029545","HIGH","0.5851"
"AST038562","HIGH","0.5851"
"AST008858","HIGH","0.585"
"AST033252","HIGH","0.5849"
"AST020982","HIGH","0.5849"
"AST028543","HIGH","0.5849"
"AST010962","HIGH","0.5848"
"AST023516","HIGH","0.5847"
"AST031000","HIGH","0.5846"
"AST028776","HIGH","0.5846"
"AST023300","HIGH","0.5845"
"AST018914","HIGH","0.5845"
"AST038255","HIGH","0.5844"
"AST027289","HIGH","0.5844"
"AST008800","HIGH","0.5843"
"AST032888","HIGH","0.5843"
"AST039104","HIGH","0.5842"
"AST029707","HIGH","0.5842"
"AST017504","HIGH","0.5841"
"AST025920","HIGH","0.5841"
"AST032738","HIGH","0.5841"
"AST033891","HIGH","0.5841"
"AST028123","HIGH","0.5841"
"AST031898","HIGH","0.584"
"AST037861","HIGH","0.5839"
"AST028790","HIGH","0.5838"
"AST015372","HIGH","0.5838"
"AST025331","HIGH","0.5837"
"AST036188","HIGH","0.5837"
"AST032484","HIGH","0.5837"
"AST024958","HIGH","0.5837"
"AST017844","HIGH","0.5836"
"AST016063","HIGH","0.5835"
"AST016896","HIGH","0.5834"
"AST018417","HIGH","0.5834"
"AST012789","HIGH","0.5834"
"AST031361","HIGH","0.5832"
"AST035810","HIGH","0.5832"
"AST021856","HIGH","0.5832"
"AST038366","HIGH","0.5832"
"AST019584","HIGH","0.5832"
"AST025460","HIGH","0.5831"
"AST017067","HIGH","0.583"
"AST032728","HIGH","0.583"
"AST037665","HIGH","0.5829"
"AST034839","HIGH","0.5829"
"AST037485","HIGH","0.5829"
"AST016919","HIGH","0.5829"
"AST015003","HIGH","0.5828"
"AST025125","HIGH","0.5828"
"AST011860","HIGH","0.5827"
"AST037059","HIGH","0.5826"
"AST017172","HIGH","0.5826"
"AST025041","HIGH","0.5826"
"AST033080","HIGH","0.5826"
"AST021653","HIGH","0.5826"
"AST039069","HIGH","0.5825"
"AST005690","HIGH","0.5825"
"AST020751","HIGH","0.5825"
"AST027518","HIGH","0.5825"
"AST030465","HIGH","0.5825"
"AST035955","HIGH","0.5825"
"AST032267","HIGH","0.5825"
"AST025496","HIGH","0.5824"
"AST005439","HIGH","0.5823"
"AST035648","HIGH","0.5822"
"AST017642","HIGH","0.5822"
"AST032581","HIGH","0.5821"
"AST037110","HIGH","0.5821"
"AST037459","HIGH","0.5821"
"AST029667","HIGH","0.5821"
"AST022846","HIGH","0.582"
"AST035100","HIGH","0.582"
"AST018647","HIGH","0.582"
"AST008593","HIGH","0.582"
"AST009075","HIGH","0.582"
"AST039074","HIGH","0.582"
"AST018786","HIGH","0.5819"
"AST040269","HIGH","0.5819"
"AST037533","HIGH","0.5819"
"AST038576","HIGH","0.5819"
"AST003116","HIGH","0.5818"
"AST037788","HIGH","0.5818"
"AST016338","HIGH","0.5818"
"AST034988","HIGH","0.5818"
"AST026879","HIGH","0.5817"
"AST033789","HIGH","0.5817"
"AST019812","HIGH","0.5817"
"AST030597","HIGH","0.5817"
"AST025980","HIGH","0.5817"
"AST007887","HIGH","0.5817"
"AST037234","HIGH","0.5816"
"AST009418","HIGH","0.5816"
"AST012536","HIGH","0.5816"
"AST018257","HIGH","0.5816"
"AST026411","HIGH","0.5815"
"AST016012","HIGH","0.5815"
"AST039472","HIGH","0.5815"
"AST002281","HIGH","0.5815"
"AST025127","HIGH","0.5815"
"AST006619","HIGH","0.5815"
"AST032542","HIGH","0.5815"
"AST013013","HIGH","0.5815"
"AST032598","HIGH","0.5814"
"AST024955","HIGH","0.5814"
"AST035686","HIGH","0.5814"
"AST033163","HIGH","0.5814"
"AST016698","HIGH","0.5814"
"AST026416","HIGH","0.5814"
"AST041464","HIGH","0.5813"
"AST037325","HIGH","0.5813"
"AST020368","HIGH","0.5813"
"AST041369","HIGH","0.5813"
"AST037271","HIGH","0.5813"
"AST016156","HIGH","0.5812"
"AST040357","HIGH","0.5812"
"AST027812","HIGH","0.5812"
"AST023626","HIGH","0.5812"
"AST009073","HIGH","0.5811"
"AST031754","HIGH","0.5811"
"AST010450","HIGH","0.5811"
"AST025174","HIGH","0.581"
"AST037332","HIGH","0.581"
"AST033852","HIGH","0.581"
"AST038727","HIGH","0.581"
"AST034507","HIGH","0.581"
"AST032243","HIGH","0.581"
"AST022482","HIGH","0.5809"
"AST015788","HIGH","0.5809"
"AST013666","HIGH","0.5809"
"AST036185","HIGH","0.5809"
"AST028694","HIGH","0.5809"
"AST014174","HIGH","0.5809"
"AST033920","HIGH","0.5808"
"AST010674","HIGH","0.5808"
"AST038263","HIGH","0.5808"
"AST030593","HIGH","0.5808"
"AST037015","HIGH","0.5808"
"AST010282","HIGH","0.5808"
"AST040448","HIGH","0.5807"
"AST019854","HIGH","0.5807"
"AST037282","HIGH","0.5807"
"AST030868","HIGH","0.5807"
"AST024136","HIGH","0.5807"
"AST021130","HIGH","0.5807"
"AST017606","HIGH","0.5806"
"AST036740","HIGH","0.5806"
"AST031077","HIGH","0.5806"
"AST033165","HIGH","0.5806"
"AST024254","HIGH","0.5806"
"AST006974","HIGH","0.5806"
"AST040420","HIGH","0.5806"
"AST024384","HIGH","0.5806"
"AST028787","HIGH","0.5806"
"AST030444","HIGH","0.5806"
"AST034308","HIGH","0.5806"
"AST027879","HIGH","0.5805"
"AST037195","HIGH","0.5805"
"AST028739","HIGH","0.5805"
"AST012730","HIGH","0.5805"
"AST039407","HIGH","0.5805"
"AST000680","HIGH","0.5805"
"AST036179","HIGH","0.5805"
"AST031897","HIGH","0.5805"
"AST001598","HIGH","0.5805"
"AST039640","HIGH","0.5804"
"AST034551","HIGH","0.5804"
"AST036843","HIGH","0.5804"
"AST030876","HIGH","0.5804"
"AST014324","HIGH","0.5804"
"AST032696","HIGH","0.5804"
"AST032543","HIGH","0.5804"
"AST012400","HIGH","0.5803"
"AST006689","HIGH","0.5803"
"AST015364","HIGH","0.5803"
"AST035553","HIGH","0.5803"
"AST017857","HIGH","0.5802"
"AST035597","HIGH","0.5802"
"AST030389","HIGH","0.5802"
"AST015615","HIGH","0.5802"
"AST024071","HIGH","0.5802"
"AST020547","HIGH","0.5801"
"AST029391","HIGH","0.5801"
"AST031760","HIGH","0.5801"
"AST008969","HIGH","0.5801"
"AST030325","HIGH","0.58"
"AST036804","HIGH","0.58"
"AST029831","HIGH","0.58"
"AST020572","HIGH","0.5799"
"AST002195","HIGH","0.5799"
"AST025743","HIGH","0.5799"
"AST032720","HIGH","0.5799"
"AST016827","HIGH","0.5799"
"AST029822","HIGH","0.5799"
"AST040431","HIGH","0.5799"
"AST004478","HIGH","0.5799"
"AST028620","HIGH","0.5799"
"AST022325","HIGH","0.5799"
"AST011748","HIGH","0.5798"
"AST015787","HIGH","0.5798"
"AST027509","HIGH","0.5798"
"AST023275","HIGH","0.5798"
"AST023868","HIGH","0.5798"
"AST022864","HIGH","0.5798"
"AST034934","HIGH","0.5798"
"AST033337","HIGH","0.5798"
"AST039784","HIGH","0.5797"
"AST034320","HIGH","0.5797"
"AST006906","HIGH","0.5797"
"AST034893","HIGH","0.5797"
"AST018819","HIGH","0.5797"
"AST030350","HIGH","0.5797"
"AST002246","HIGH","0.5796"
"AST004710","HIGH","0.5796"
"AST039220","HIGH","0.5796"
"AST024021","HIGH","0.5796"
"AST032724","HIGH","0.5796"
"AST035109","HIGH","0.5795"
"AST034830","HIGH","0.5795"
"AST021207","HIGH","0.5795"
"AST035020","HIGH","0.5795"
"AST011743","HIGH","0.5795"
"AST021186","HIGH","0.5795"
"AST025660","HIGH","0.5795"
"AST008939","HIGH","0.5794"
"AST033338","HIGH","0.5794"
"AST033869","HIGH","0.5794"
"AST029186","HIGH","0.5794"
"AST019325","HIGH","0.5794"
"AST015112","HIGH","0.5794"
"AST026899","HIGH","0.5794"
"AST019570","HIGH","0.5794"
"AST040295","HIGH","0.5794"
"AST007449","HIGH","0.5794"
"AST029603","HIGH","0.5794"
"AST018704","HIGH","0.5793"
"AST032834","HIGH","0.5793"
"AST026760","HIGH","0.5793"
"AST031274","HIGH","0.5793"
"AST017958","HIGH","0.5793"
"AST023750","HIGH","0.5793"
"AST007372","HIGH","0.5793"
"AST039886","HIGH","0.5793"
"AST009047","HIGH","0.5793"
"AST026388","HIGH","0.5792"
"AST032592","HIGH","0.5792"
"AST007726","HIGH","0.5792"
"AST008461","HIGH","0.5792"
"AST031055","HIGH","0.5792"
"AST016749","HIGH","0.5792"
"AST000687","HIGH","0.5791"
"AST021769","HIGH","0.5791"
"AST005749","HIGH","0.5791"
"AST034468","HIGH","0.5791"
"AST020480","HIGH","0.5791"
"AST024852","HIGH","0.5791"
"AST020271","HIGH","0.5791"
"AST003261","HIGH","0.5791"
"AST009571","HIGH","0.5791"
"AST010204","HIGH","0.5791"
"AST000229","HIGH","0.579"
"AST033609","HIGH","0.579"
"AST029976","HIGH","0.579"
"AST034649","HIGH","0.579"
"AST037045","HIGH","0.579"
"AST005038","HIGH","0.579"
"AST017671","HIGH","0.579"
"AST019586","HIGH","0.579"
"AST011327","HIGH","0.579"
"AST026360","HIGH","0.5789"
"AST030795","HIGH","0.5789"
"AST015516","HIGH","0.5789"
"AST005225","HIGH","0.5789"
"AST005944","HIGH","0.5789"
"AST036720","HIGH","0.5789"
"AST000200","HIGH","0.5789"
"AST033181","HIGH","0.5788"
"AST041535","HIGH","0.5788"
"AST023499","HIGH","0.5788"
"AST019884","HIGH","0.5788"
"AST017153","HIGH","0.5788"
"AST027448","HIGH","0.5788"
"AST011247","HIGH","0.5788"
"AST022817","HIGH","0.5788"
"AST015508","HIGH","0.5787"
"AST035766","HIGH","0.5787"
"AST041173","HIGH","0.5787"
"AST002581","HIGH","0.5786"
"AST027804","HIGH","0.5786"
"AST003853","HIGH","0.5786"
"AST014588","HIGH","0.5786"
"AST036247","HIGH","0.5786"
"AST019315","HIGH","0.5786"
"AST005574","HIGH","0.5786"
"AST007084","HIGH","0.5785"
"AST037730","HIGH","0.5785"
"AST019710","HIGH","0.5785"
"AST013619","HIGH","0.5785"
"AST023187","HIGH","0.5785"
"AST024297","HIGH","0.5785"
"AST038484","HIGH","0.5785"
"AST017217","HIGH","0.5785"
"AST014321","HIGH","0.5785"
"AST039404","HIGH","0.5785"
"AST015846","HIGH","0.5784"
"AST036903","HIGH","0.5784"
"AST032932","HIGH","0.5784"
"AST022036","HIGH","0.5784"
"AST038311","HIGH","0.5784"
"AST012210","HIGH","0.5784"
"AST025848","HIGH","0.5784"
"AST037535","HIGH","0.5784"
"AST010506","HIGH","0.5784"
"AST001146","HIGH","0.5784"
"AST012032","HIGH","0.5783"
"AST037369","HIGH","0.5783"
"AST040727","HIGH","0.5783"
"AST033642","HIGH","0.5783"
"AST039768","HIGH","0.5783"
"AST031157","HIGH","0.5783"
"AST041500","HIGH","0.5782"
"AST025748","HIGH","0.5782"
"AST004014","HIGH","0.5782"
"AST022394","HIGH","0.5782"
"AST030477","HIGH","0.5782"
"AST021857","HIGH","0.5782"
"AST010508","HIGH","0.5782"
"AST041257","HIGH","0.5782"
"AST021216","HIGH","0.5782"
"AST009267","HIGH","0.5782"
"AST027079","HIGH","0.5781"
"AST003466","HIGH","0.5781"
"AST022438","HIGH","0.5781"
"AST035845","HIGH","0.5781"
"AST040508","HIGH","0.5781"
"AST031585","HIGH","0.5781"
"AST038890","HIGH","0.5781"
"AST036519","HIGH","0.5781"
"AST023394","HIGH","0.578"
"AST032766","HIGH","0.578"
"AST019204","HIGH","0.578"
"AST028898","HIGH","0.578"
"AST037526","HIGH","0.578"
"AST015722","HIGH","0.5779"
"AST041058","HIGH","0.5779"
"AST018019","HIGH","0.5779"
"AST028524","HIGH","0.5779"
"AST040421","HIGH","0.5779"
"AST033692","HIGH","0.5779"
"AST036452","HIGH","0.5779"
"AST008408","HIGH","0.5779"
"AST012948","HIGH","0.5779"
"AST027180","HIGH","0.5779"
"AST026426","HIGH","0.5779"
"AST029541","HIGH","0.5778"
"AST037451","HIGH","0.5778"
"AST003713","HIGH","0.5778"
"AST005074","HIGH","0.5778"
"AST003727","HIGH","0.5778"
"AST014359","HIGH","0.5778"
"AST035638","HIGH","0.5778"
"AST034280","HIGH","0.5778"
"AST037093","HIGH","0.5778"
"AST028971","HIGH","0.5778"
"AST031532","HIGH","0.5778"
"AST033686","HIGH","0.5777"
"AST038544","HIGH","0.5777"
"AST038721","HIGH","0.5777"
"AST026751","HIGH","0.5777"
"AST005993","HIGH","0.5777"
"AST025526","HIGH","0.5777"
"AST015333","HIGH","0.5777"
"AST009657","HIGH","0.5777"
"AST040821","HIGH","0.5776"
"AST001517","HIGH","0.5776"
"AST032005","HIGH","0.5776"
"AST000950","HIGH","0.5776"
"AST007508","HIGH","0.5776"
"AST032829","HIGH","0.5776"
"AST030512","HIGH","0.5776"
"AST041157","HIGH","0.5776"
"AST001991","HIGH","0.5775"
"AST032768","HIGH","0.5775"
"AST019511","HIGH","0.5775"
"AST018113","HIGH","0.5775"
"AST016417","HIGH","0.5775"
"AST033047","HIGH","0.5775"
"AST017672","HIGH","0.5775"
"AST029259","HIGH","0.5775"
"AST010437","HIGH","0.5775"
"AST011433","HIGH","0.5774"
"AST006863","HIGH","0.5774"
"AST030828","HIGH","0.5774"
"AST038757","HIGH","0.5774"
"AST024722","HIGH","0.5774"
"AST035379","HIGH","0.5774"
"AST039927","HIGH","0.5774"
"AST016117","HIGH","0.5774"
"AST020339","HIGH","0.5774"
"AST018066","HIGH","0.5773"
"AST026730","HIGH","0.5773"
"AST021444","HIGH","0.5773"
"AST016500","HIGH","0.5773"
"AST037295","HIGH","0.5773"
"AST023249","HIGH","0.5773"
"AST027102","HIGH","0.5773"
"AST020732","HIGH","0.5773"
"AST023904","HIGH","0.5773"
"AST030950","HIGH","0.5773"
"AST007124","HIGH","0.5772"
"AST016565","HIGH","0.5772"
"AST037777","HIGH","0.5772"
"AST017402","HIGH","0.5772"
"AST038109","HIGH","0.5772"
"AST030640","HIGH","0.5772"
"AST028856","HIGH","0.5772"
"AST016096","HIGH","0.5772"
"AST018254","HIGH","0.5772"
"AST017084","HIGH","0.5772"
"AST029662","HIGH","0.5772"
"AST024001","HIGH","0.5771"
"AST030783","HIGH","0.5771"
"AST014752","HIGH","0.5771"
"AST033096","HIGH","0.5771"
"AST031033","HIGH","0.5771"
"AST010088","HIGH","0.5771"
"AST032104","HIGH","0.577"
"AST000751","HIGH","0.577"
"AST041492","HIGH","0.577"
"AST039545","HIGH","0.577"
"AST036518","HIGH","0.577"
"AST039304","HIGH","0.577"
"AST032287","HIGH","0.577"
"AST033906","HIGH","0.577"
"AST028650","HIGH","0.577"
"AST021483","HIGH","0.5769"
"AST019434","HIGH","0.5769"
"AST021909","HIGH","0.5769"
"AST037396","HIGH","0.5769"
"AST010869","HIGH","0.5769"
"AST017729","HIGH","0.5769"
"AST039239","HIGH","0.5769"
"AST020956","HIGH","0.5769"
"AST013560","HIGH","0.5768"
"AST027315","HIGH","0.5768"
"AST021045","HIGH","0.5768"
"AST009597","HIGH","0.5768"
"AST035083","HIGH","0.5768"
"AST008769","HIGH","0.5768"
"AST025719","HIGH","0.5768"
"AST012921","HIGH","0.5768"
"AST040836","HIGH","0.5768"
"AST001645","HIGH","0.5767"
"AST009244","HIGH","0.5767"
"AST041318","HIGH","0.5767"
"AST034641","HIGH","0.5767"
"AST023963","HIGH","0.5767"
"AST031864","HIGH","0.5767"
"AST022453","HIGH","0.5767"
"AST019950","HIGH","0.5767"
"AST041532","HIGH","0.5767"
"AST024208","HIGH","0.5767"
"AST041131","HIGH","0.5767"
"AST036657","HIGH","0.5767"
"AST036405","HIGH","0.5767"
"AST031438","HIGH","0.5767"
"AST006487","HIGH","0.5767"
"AST011806","HIGH","0.5767"
"AST040323","HIGH","0.5767"
"AST041515","HIGH","0.5766"
"AST005316","HIGH","0.5766"
"AST026709","HIGH","0.5766"
"AST004815","HIGH","0.5766"
"AST015772","HIGH","0.5766"
"AST036551","HIGH","0.5766"
"AST026192","HIGH","0.5766"
"AST019636","HIGH","0.5766"
"AST004726","HIGH","0.5766"
"AST033496","HIGH","0.5766"
"AST012596","HIGH","0.5766"
"AST006242","HIGH","0.5766"
"AST008272","HIGH","0.5765"
"AST040045","HIGH","0.5765"
"AST004277","HIGH","0.5765"
"AST030883","HIGH","0.5765"
"AST024655","HIGH","0.5765"
"AST018306","HIGH","0.5765"
"AST035060","HIGH","0.5765"
"AST028278","HIGH","0.5765"
"AST020969","HIGH","0.5765"
"AST039837","HIGH","0.5765"
"AST037933","HIGH","0.5765"
"AST003356","HIGH","0.5765"
"AST025529","HIGH","0.5765"
"AST016392","HIGH","0.5765"
"AST002221","HIGH","0.5765"
"AST001844","HIGH","0.5765"
"AST018149","HIGH","0.5765"
"AST032631","HIGH","0.5764"
"AST034499","HIGH","0.5764"
"AST018929","HIGH","0.5764"
"AST027700","HIGH","0.5764"
"AST015685","HIGH","0.5764"
"AST019585","HIGH","0.5764"
"AST008647","HIGH","0.5764"
"AST021206","HIGH","0.5764"
"AST008008","HIGH","0.5764"
"AST024917","HIGH","0.5764"
"AST028060","HIGH","0.5764"
"AST041543","HIGH","0.5764"
"AST001258","HIGH","0.5763"
"AST040872","HIGH","0.5763"
"AST006186","HIGH","0.5763"
"AST037037","HIGH","0.5763"
"AST028800","HIGH","0.5763"
"AST020401","HIGH","0.5763"
"AST034955","HIGH","0.5763"
"AST026062","HIGH","0.5763"
"AST029730","HIGH","0.5763"
"AST034571","HIGH","0.5762"
"AST019881","HIGH","0.5762"
"AST029511","HIGH","0.5762"
"AST004943","HIGH","0.5762"
"AST027484","HIGH","0.5762"
"AST027040","HIGH","0.5762"
"AST038878","HIGH","0.5762"
"AST016634","HIGH","0.5762"
"AST008696","HIGH","0.5762"
"AST040987","HIGH","0.5762"
"AST019868","HIGH","0.5762"
"AST036917","HIGH","0.5762"
"AST039671","HIGH","0.5762"
"AST033545","HIGH","0.5762"
"AST029751","HIGH","0.5761"
"AST001688","HIGH","0.5761"
"AST023025","HIGH","0.5761"
"AST001022","HIGH","0.5761"
"AST018393","HIGH","0.5761"
"AST024796","HIGH","0.5761"
"AST029030","HIGH","0.5761"
"AST028801","HIGH","0.5761"
"AST021202","HIGH","0.5761"
"AST039913","HIGH","0.576"
"AST005483","HIGH","0.576"
"AST032444","HIGH","0.576"
"AST009367","HIGH","0.576"
"AST039187","HIGH","0.576"
"AST033154","HIGH","0.576"
"AST027932","HIGH","0.576"
"AST017654","HIGH","0.576"
"AST013794","HIGH","0.576"
"AST039905","HIGH","0.576"
"AST015507","HIGH","0.576"
"AST027867","HIGH","0.576"
"AST038253","HIGH","0.576"
"AST009192","HIGH","0.576"
"AST015880","HIGH","0.576"
"AST026032","HIGH","0.5759"
"AST008787","HIGH","0.5759"
"AST038830","HIGH","0.5759"
"AST026415","HIGH","0.5759"
"AST039100","HIGH","0.5759"
"AST021333","HIGH","0.5759"
"AST019655","HIGH","0.5759"
"AST021710","HIGH","0.5759"
"AST036542","HIGH","0.5759"
"AST010644","HIGH","0.5759"
"AST034411","HIGH","0.5759"
"AST033667","HIGH","0.5759"
"AST032688","HIGH","0.5759"
"AST028963","HIGH","0.5759"
"AST014671","HIGH","0.5759"
"AST004751","HIGH","0.5759"
"AST030709","HIGH","0.5759"
"AST024921","HIGH","0.5759"
"AST005130","HIGH","0.5759"
"AST015609","HIGH","0.5758"
"AST021138","HIGH","0.5758"
"AST035742","HIGH","0.5758"
"AST023184","HIGH","0.5758"
"AST032667","HIGH","0.5758"
"AST032460","HIGH","0.5758"
"AST027456","HIGH","0.5758"
"AST031831","HIGH","0.5758"
"AST000338","HIGH","0.5757"
"AST021427","HIGH","0.5757"
"AST025885","HIGH","0.5757"
"AST011187","HIGH","0.5757"
"AST030237","HIGH","0.5757"
"AST035488","HIGH","0.5757"
"AST012754","HIGH","0.5757"
"AST021934","HIGH","0.5757"
"AST015102","HIGH","0.5757"
"AST007195","HIGH","0.5757"
"AST035817","HIGH","0.5757"
"AST027051","HIGH","0.5757"
"AST035194","HIGH","0.5757"
"AST035354","HIGH","0.5757"
"AST037601","HIGH","0.5757"
"AST019729","HIGH","0.5756"
"AST026710","HIGH","0.5756"
"AST027545","HIGH","0.5756"
"AST017041","HIGH","0.5756"
"AST005107","HIGH","0.5756"
"AST016222","HIGH","0.5756"
"AST014815","HIGH","0.5756"
"AST010420","HIGH","0.5756"
"AST025224","HIGH","0.5756"
"AST034559","HIGH","0.5756"
"AST033038","HIGH","0.5756"
"AST006170","HIGH","0.5756"
"AST028444","HIGH","0.5756"
"AST037367","HIGH","0.5756"
"AST037865","HIGH","0.5756"
"AST006429","HIGH","0.5756"
"AST017539","HIGH","0.5755"
"AST013449","HIGH","0.5755"
"AST005620","HIGH","0.5755"
"AST035387","HIGH","0.5755"
"AST009903","HIGH","0.5755"
"AST022417","HIGH","0.5755"
"AST019331","HIGH","0.5755"
"AST026684","HIGH","0.5755"
"AST008766","HIGH","0.5755"
"AST001720","HIGH","0.5755"
"AST039303","HIGH","0.5755"
"AST000794","HIGH","0.5755"
"AST011771","HIGH","0.5755"
"AST009664","HIGH","0.5755"
"AST030049","HIGH","0.5755"
"AST038289","HIGH","0.5755"
"AST040296","HIGH","0.5755"
"AST018756","HIGH","0.5755"
"AST022179","HIGH","0.5754"
"AST031308","HIGH","0.5754"
"AST007025","HIGH","0.5754"
"AST030710","HIGH","0.5754"
"AST001774","HIGH","0.5754"
"AST027726","HIGH","0.5754"
"AST037934","HIGH","0.5754"
"AST021127","HIGH","0.5754"
"AST009039","HIGH","0.5754"
"AST008639","HIGH","0.5754"
"AST025522","HIGH","0.5754"
"AST030922","HIGH","0.5754"
"AST039293","HIGH","0.5754"
"AST029095","HIGH","0.5754"
"AST022570","HIGH","0.5754"
"AST030814","HIGH","0.5753"
"AST006449","HIGH","0.5753"
"AST036924","HIGH","0.5753"
"AST008297","HIGH","0.5753"
"AST039781","HIGH","0.5753"
"AST013188","HIGH","0.5753"
"AST039177","HIGH","0.5753"
"AST038277","HIGH","0.5753"
"AST040346","HIGH","0.5753"
"AST039462","HIGH","0.5753"
"AST009814","HIGH","0.5753"
"AST006823","HIGH","0.5753"
"AST005894","HIGH","0.5752"
"AST013079","HIGH","0.5752"
"AST033589","HIGH","0.5752"
"AST013453","HIGH","0.5752"
"AST016810","HIGH","0.5752"
"AST035617","HIGH","0.5752"
"AST038130","HIGH","0.5752"
"AST030474","HIGH","0.5752"
"AST030902","HIGH","0.5752"
"AST009195","HIGH","0.5752"
"AST029776","HIGH","0.5752"
"AST016255","HIGH","0.5752"
"AST028205","HIGH","0.5752"
"AST010775","HIGH","0.5752"
"AST020365","HIGH","0.5752"
"AST015040","HIGH","0.5751"
"AST037360","HIGH","0.5751"
"AST005546","HIGH","0.5751"
"AST022808","HIGH","0.5751"
"AST011446","HIGH","0.5751"
"AST020107","HIGH","0.5751"
"AST010463","HIGH","0.5751"
"AST014848","HIGH","0.575"
"AST040805","HIGH","0.575"
"AST031921","HIGH","0.575"
"AST000842","HIGH","0.575"
"AST016607","HIGH","0.575"
"AST032682","HIGH","0.575"
"AST032158","HIGH","0.575"
"AST030201","HIGH","0.575"
"AST035969","HIGH","0.575"
"AST023866","HIGH","0.575"
"AST023623","HIGH","0.575"
"AST036643","HIGH","0.575"
"AST007219","HIGH","0.575"
"AST023026","HIGH","0.575"
"AST011846","HIGH","0.575"
"AST021932","HIGH","0.575"
"AST015393","HIGH","0.575"
"AST008652","HIGH","0.575"
"AST040582","HIGH","0.5749"
"AST022550","HIGH","0.5749"
"AST039847","HIGH","0.5749"
"AST040028","HIGH","0.5749"
"AST011649","HIGH","0.5749"
"AST037826","HIGH","0.5749"
"AST017202","HIGH","0.5749"
"AST013484","HIGH","0.5749"
"AST010868","HIGH","0.5749"
"AST034739","HIGH","0.5749"
"AST033837","HIGH","0.5749"
"AST002210","HIGH","0.5749"
"AST019800","HIGH","0.5749"
"AST022127","HIGH","0.5749"
"AST021469","HIGH","0.5749"
"AST040235","HIGH","0.5748"
"AST040839","HIGH","0.5748"
"AST025656","HIGH","0.5748"
"AST031186","HIGH","0.5748"
"AST037422","HIGH","0.5748"
"AST027640","HIGH","0.5748"
"AST005911","HIGH","0.5748"
"AST007679","HIGH","0.5748"
"AST017194","HIGH","0.5748"
"AST004687","HIGH","0.5748"
"AST027611","HIGH","0.5748"
"AST026794","HIGH","0.5748"
"AST026116","HIGH","0.5748"
"AST013104","HIGH","0.5748"
"AST033681","HIGH","0.5748"
"AST034347","HIGH","0.5748"
"AST038822","HIGH","0.5748"
"AST033324","HIGH","0.5748"
"AST020048","HIGH","0.5748"
"AST015322","HIGH","0.5748"
"AST021578","HIGH","0.5748"
"AST000804","HIGH","0.5747"
"AST026014","HIGH","0.5747"
"AST036363","HIGH","0.5747"
"AST039862","HIGH","0.5747"
"AST010570","HIGH","0.5747"
"AST019762","HIGH","0.5747"
"AST034406","HIGH","0.5747"
"AST000198","HIGH","0.5747"
"AST012956","HIGH","0.5747"
"AST040567","HIGH","0.5747"
"AST036822","HIGH","0.5746"
"AST023251","HIGH","0.5746"
"AST035458","HIGH","0.5746"
"AST035777","HIGH","0.5746"
"AST015694","HIGH","0.5746"
"AST037430","HIGH","0.5746"
"AST036647","HIGH","0.5746"
"AST040981","HIGH","0.5746"
"AST016173","HIGH","0.5746"
"AST037253","HIGH","0.5746"
"AST010679","HIGH","0.5746"
"AST028465","HIGH","0.5746"
"AST002171","HIGH","0.5745"
"AST030222","HIGH","0.5745"
"AST020768","HIGH","0.5745"
"AST015915","HIGH","0.5745"
"AST018882","HIGH","0.5745"
"AST034374","HIGH","0.5745"
"AST011067","HIGH","0.5745"
"AST016520","HIGH","0.5745"
"AST015882","HIGH","0.5745"
"AST023946","HIGH","0.5745"
"AST010052","HIGH","0.5745"
"AST017923","HIGH","0.5745"
"AST032804","HIGH","0.5745"
"AST020153","HIGH","0.5745"
"AST019290","HIGH","0.5744"
"AST038203","HIGH","0.5744"
"AST009576","HIGH","0.5744"
"AST028869","HIGH","0.5744"
"AST005502","HIGH","0.5744"
"AST021023","HIGH","0.5744"
"AST037560","HIGH","0.5744"
"AST037923","HIGH","0.5744"
"AST016217","HIGH","0.5744"
"AST012827","HIGH","0.5744"
"AST017247","HIGH","0.5744"
"AST037012","HIGH","0.5744"
"AST007491","HIGH","0.5744"
"AST023694","HIGH","0.5744"
"AST039926","HIGH","0.5744"
"AST035661","HIGH","0.5744"
"AST028375","HIGH","0.5744"
"AST002307","HIGH","0.5744"
"AST022449","HIGH","0.5744"
"AST004899","HIGH","0.5744"
"AST037605","HIGH","0.5744"
"AST028115","HIGH","0.5744"
"AST038457","HIGH","0.5744"
"AST035634","HIGH","0.5743"
"AST004740","HIGH","0.5743"
"AST022019","HIGH","0.5743"
"AST029176","HIGH","0.5743"
"AST000352","HIGH","0.5743"
"AST028136","HIGH","0.5743"
"AST003723","HIGH","0.5743"
"AST031981","HIGH","0.5743"
"AST033138","HIGH","0.5743"
"AST023763","HIGH","0.5743"
"AST022990","HIGH","0.5743"
"AST036608","HIGH","0.5743"
"AST011733","HIGH","0.5743"
"AST029201","HIGH","0.5743"
"AST039719","HIGH","0.5743"
"AST038499","HIGH","0.5743"
"AST039525","HIGH","0.5743"
"AST035684","HIGH","0.5743"
"AST016780","HIGH","0.5743"
"AST040865","HIGH","0.5743"
"AST006872","HIGH","0.5743"
"AST038799","HIGH","0.5743"
"AST038548","HIGH","0.5743"
"AST008113","HIGH","0.5742"
"AST038079","HIGH","0.5742"
"AST007875","HIGH","0.5742"
"AST035181","HIGH","0.5742"
"AST008506","HIGH","0.5742"
"AST016862","HIGH","0.5742"
"AST041190","HIGH","0.5742"
"AST028501","HIGH","0.5742"
"AST017353","HIGH","0.5742"
"AST008254","HIGH","0.5742"
"AST037392","HIGH","0.5742"
"AST008556","HIGH","0.5742"
"AST037058","HIGH","0.5742"
"AST031061","HIGH","0.5742"
"AST031609","HIGH","0.5742"
"AST040931","HIGH","0.5742"
"AST016274","HIGH","0.5742"
"AST023122","HIGH","0.5741"
"AST024971","HIGH","0.5741"
"AST039150","HIGH","0.5741"
"AST013006","HIGH","0.5741"
"AST013044","HIGH","0.5741"
"AST016746","HIGH","0.5741"
"AST017054","HIGH","0.5741"
"AST019365","HIGH","0.5741"
"AST038061","HIGH","0.5741"
"AST019162","HIGH","0.5741"
"AST016308","HIGH","0.574"
"AST028978","HIGH","0.574"
"AST021631","HIGH","0.574"
"AST006444","HIGH","0.574"
"AST008248","HIGH","0.574"
"AST024490","HIGH","0.574"
"AST039302","HIGH","0.574"
"AST030688","HIGH","0.574"
"AST011719","HIGH","0.574"
"AST023154","HIGH","0.574"
"AST027960","HIGH","0.574"
"AST003009","HIGH","0.574"
"AST037712","HIGH","0.5739"
"AST034682","HIGH","0.5739"
"AST010481","HIGH","0.5739"
"AST026768","HIGH","0.5739"
"AST004828","HIGH","0.5739"
"AST011782","HIGH","0.5739"
"AST036994","HIGH","0.5739"
"AST022347","HIGH","0.5739"
"AST037216","HIGH","0.5739"
"AST026156","HIGH","0.5739"
"AST028453","HIGH","0.5739"
"AST030334","HIGH","0.5739"
"AST032708","HIGH","0.5739"
"AST002484","HIGH","0.5739"
"AST041354","HIGH","0.5739"
"AST034535","HIGH","0.5739"
"AST015245","HIGH","0.5739"
"AST037510","HIGH","0.5739"
"AST032968","HIGH","0.5739"
"AST020029","HIGH","0.5739"
"AST015872","HIGH","0.5738"
"AST040106","HIGH","0.5738"
"AST026215","HIGH","0.5738"
"AST027926","HIGH","0.5738"
"AST031153","HIGH","0.5738"
"AST028279","HIGH","0.5738"
"AST013004","HIGH","0.5738"
"AST023790","HIGH","0.5738"
"AST007905","HIGH","0.5738"
"AST016490","HIGH","0.5738"
"AST036528","HIGH","0.5738"
"AST009989","HIGH","0.5738"
"AST006680","HIGH","0.5738"
"AST029681","HIGH","0.5738"
"AST036118","HIGH","0.5738"
"AST019955","HIGH","0.5738"
"AST028003","HIGH","0.5738"
"AST037828","HIGH","0.5738"
"AST015056","HIGH","0.5737"
"AST031243","HIGH","0.5737"
"AST030801","HIGH","0.5737"
"AST024520","HIGH","0.5737"
"AST022098","HIGH","0.5737"
"AST001060","HIGH","0.5737"
"AST001048","HIGH","0.5737"
"AST036206","HIGH","0.5737"
"AST014616","HIGH","0.5737"
"AST014747","HIGH","0.5737"
"AST010722","HIGH","0.5737"
"AST007475","HIGH","0.5737"
"AST041075","HIGH","0.5737"
"AST025004","HIGH","0.5737"
"AST013225","HIGH","0.5737"
"AST040166","HIGH","0.5737"
"AST000797","HIGH","0.5737"
"AST017589","HIGH","0.5737"
"AST028176","HIGH","0.5737"
"AST032140","HIGH","0.5737"
"AST017127","HIGH","0.5737"
"AST005063","HIGH","0.5737"
"AST036160","HIGH","0.5737"
"AST004650","HIGH","0.5737"
"AST023627","HIGH","0.5737"
"AST000523","HIGH","0.5736"
"AST001466","HIGH","0.5736"
"AST026434","HIGH","0.5736"
"AST032027","HIGH","0.5736"
"AST014407","HIGH","0.5736"
"AST041050","HIGH","0.5736"
"AST031076","HIGH","0.5736"
"AST010902","HIGH","0.5736"
"AST009320","HIGH","0.5736"
"AST041353","HIGH","0.5736"
"AST016712","HIGH","0.5736"
"AST014262","HIGH","0.5736"
"AST017421","HIGH","0.5736"
"AST023287","HIGH","0.5736"
"AST033373","HIGH","0.5736"
"AST035279","HIGH","0.5736"
"AST027935","HIGH","0.5736"
"AST020986","HIGH","0.5736"
"AST037029","HIGH","0.5736"
"AST026671","HIGH","0.5736"
"AST009265","HIGH","0.5736"
"AST016188","HIGH","0.5735"
"AST002415","HIGH","0.5735"
"AST033890","HIGH","0.5735"
"AST037071","HIGH","0.5735"
"AST032137","HIGH","0.5735"
"AST024030","HIGH","0.5735"
"AST041488","HIGH","0.5735"
"AST028628","HIGH","0.5735"
"AST024367","HIGH","0.5735"
"AST008514","HIGH","0.5735"
"AST027842","HIGH","0.5735"
"AST027663","HIGH","0.5734"
"AST003217","HIGH","0.5734"
"AST032402","HIGH","0.5734"
"AST031847","HIGH","0.5734"
"AST036955","HIGH","0.5734"
"AST037804","HIGH","0.5734"
"AST022913","HIGH","0.5734"
"AST006967","HIGH","0.5734"
"AST009750","HIGH","0.5734"
"AST018751","HIGH","0.5734"
"AST024508","HIGH","0.5734"
"AST009279","HIGH","0.5734"
"AST031957","HIGH","0.5734"
"AST008573","HIGH","0.5734"
"AST036603","HIGH","0.5734"
"AST023195","HIGH","0.5734"
"AST004555","HIGH","0.5734"
"AST003951","HIGH","0.5733"
"AST022559","HIGH","0.5733"
"AST008447","HIGH","0.5733"
"AST003650","HIGH","0.5733"
"AST040880","HIGH","0.5733"
"AST000533","HIGH","0.5733"
"AST037035","HIGH","0.5733"
"AST013875","HIGH","0.5733"
"AST027164","HIGH","0.5733"
"AST031683","HIGH","0.5733"
"AST011228","HIGH","0.5733"
"AST009702","HIGH","0.5733"
"AST031089","HIGH","0.5733"
"AST026284","HIGH","0.5733"
"AST025108","HIGH","0.5733"
"AST024564","HIGH","0.5733"
"AST026348","HIGH","0.5733"
"AST023084","HIGH","0.5733"
"AST019357","HIGH","0.5733"
"AST035852","HIGH","0.5733"
"AST004298","HIGH","0.5733"
"AST027262","HIGH","0.5733"
"AST011702","HIGH","0.5733"
"AST001188","HIGH","0.5732"
"AST033613","HIGH","0.5732"
"AST018712","HIGH","0.5732"
"AST010540","HIGH","0.5732"
"AST031239","HIGH","0.5732"
"AST036053","HIGH","0.5732"
"AST037005","HIGH","0.5732"
"AST030518","HIGH","0.5732"
"AST028194","HIGH","0.5732"
"AST007927","HIGH","0.5732"
"AST002724","HIGH","0.5732"
"AST033548","HIGH","0.5732"
"AST031270","HIGH","0.5732"
"AST004877","HIGH","0.5732"
"AST002771","HIGH","0.5732"
"AST020186","HIGH","0.5732"
"AST038145","HIGH","0.5731"
"AST002903","HIGH","0.5731"
"AST026102","HIGH","0.5731"
"AST017913","HIGH","0.5731"
"AST013121","HIGH","0.5731"
"AST037724","HIGH","0.5731"
"AST041395","HIGH","0.5731"
"AST020971","HIGH","0.5731"
"AST016684","HIGH","0.5731"
"AST024723","HIGH","0.5731"
"AST026382","HIGH","0.5731"
"AST026367","HIGH","0.5731"
"AST029856","HIGH","0.5731"
"AST025220","HIGH","0.5731"
"AST029997","HIGH","0.5731"
"AST034402","HIGH","0.5731"
"AST016470","HIGH","0.5731"
"AST033359","HIGH","0.5731"
"AST028773","HIGH","0.5731"
"AST003056","HIGH","0.5731"
"AST014192","HIGH","0.573"
"AST007945","HIGH","0.573"
"AST004259","HIGH","0.573"
"AST038996","HIGH","0.573"
"AST039087","HIGH","0.573"
"AST039754","HIGH","0.573"
"AST024436","HIGH","0.573"
"AST021973","HIGH","0.573"
"AST015566","HIGH","0.573"
"AST020181","HIGH","0.573"
"AST015543","HIGH","0.573"
"AST034597","HIGH","0.573"
"AST041375","HIGH","0.5729"
"AST026529","HIGH","0.5729"
"AST022143","HIGH","0.5729"
"AST017302","HIGH","0.5729"
"AST031133","HIGH","0.5729"
"AST017577","HIGH","0.5729"
"AST016669","HIGH","0.5729"
"AST032563","HIGH","0.5729"
"AST003609","HIGH","0.5729"
"AST018292","HIGH","0.5729"
"AST036307","HIGH","0.5729"
"AST017208","HIGH","0.5729"
"AST000388","HIGH","0.5729"
"AST009892","HIGH","0.5729"
"AST004873","HIGH","0.5729"
"AST033416","HIGH","0.5729"
"AST026962","HIGH","0.5729"
"AST014735","HIGH","0.5729"
"AST037800","HIGH","0.5729"
"AST037413","HIGH","0.5729"
"AST016195","HIGH","0.5729"
"AST028737","HIGH","0.5729"
"AST029205","HIGH","0.5729"
"AST039109","HIGH","0.5729"
"AST039923","HIGH","0.5729"
"AST036304","HIGH","0.5728"
"AST041011","HIGH","0.5728"
"AST012433","HIGH","0.5728"
"AST028438","HIGH","0.5728"
"AST014360","HIGH","0.5728"
"AST014792","HIGH","0.5728"
"AST021864","HIGH","0.5728"
"AST031028","HIGH","0.5728"
"AST022229","HIGH","0.5728"
"AST015948","HIGH","0.5728"
"AST036495","HIGH","0.5728"
"AST018610","HIGH","0.5728"
"AST035935","HIGH","0.5728"
"AST015637","HIGH","0.5728"
"AST007932","HIGH","0.5728"
"AST038798","HIGH","0.5727"
"AST007596","HIGH","0.5727"
"AST034059","HIGH","0.5727"
"AST024493","HIGH","0.5727"
"AST025294","HIGH","0.5727"
"AST023511","HIGH","0.5727"
"AST018300","HIGH","0.5727"
"AST034032","HIGH","0.5727"
"AST010705","HIGH","0.5727"
"AST009224","HIGH","0.5727"
"AST033785","HIGH","0.5727"
"AST005713","HIGH","0.5727"
"AST029957","HIGH","0.5727"
"AST033481","HIGH","0.5727"
"AST022858","HIGH","0.5727"
"AST033936","HIGH","0.5727"
"AST025360","HIGH","0.5727"
"AST025324","HIGH","0.5727"
"AST018488","HIGH","0.5727"
"AST019910","HIGH","0.5727"
"AST017182","HIGH","0.5726"
"AST037918","HIGH","0.5726"
"AST024375","HIGH","0.5726"
"AST026163","HIGH","0.5726"
"AST039839","HIGH","0.5726"
"AST040698","HIGH","0.5726"
"AST009609","HIGH","0.5726"
"AST040795","HIGH","0.5726"
"AST024186","HIGH","0.5726"
"AST025487","HIGH","0.5726"
"AST011611","HIGH","0.5726"
"AST028492","HIGH","0.5726"
"AST007231","HIGH","0.5726"
"AST022091","HIGH","0.5726"
"AST004874","HIGH","0.5726"
"AST030976","HIGH","0.5726"
"AST038025","HIGH","0.5726"
"AST032480","HIGH","0.5726"
"AST020370","HIGH","0.5726"
"AST002531","HIGH","0.5726"
"AST006538","HIGH","0.5726"
"AST007587","HIGH","0.5726"
"AST025402","HIGH","0.5726"
"AST013833","HIGH","0.5726"
"AST038615","HIGH","0.5726"
"AST002282","HIGH","0.5726"
"AST019667","HIGH","0.5726"
"AST019829","HIGH","0.5725"
"AST028577","HIGH","0.5725"
"AST007543","HIGH","0.5725"
"AST001129","HIGH","0.5725"
"AST032617","HIGH","0.5725"
"AST035507","HIGH","0.5725"
"AST018090","HIGH","0.5725"
"AST036769","HIGH","0.5725"
"AST017053","HIGH","0.5725"
"AST024516","HIGH","0.5725"
"AST014904","HIGH","0.5725"
"AST022546","HIGH","0.5725"
"AST024278","HIGH","0.5725"
"AST037438","HIGH","0.5725"
"AST038630","HIGH","0.5725"
"AST013826","HIGH","0.5725"
"AST027239","HIGH","0.5725"
"AST030211","HIGH","0.5725"
"AST031876","HIGH","0.5725"
"AST031185","HIGH","0.5725"
"AST029473","HIGH","0.5725"
"AST026433","HIGH","0.5724"
"AST016226","HIGH","0.5724"
"AST029276","HIGH","0.5724"
"AST029933","HIGH","0.5724"
"AST029944","HIGH","0.5724"
"AST022583","HIGH","0.5724"
"AST039943","HIGH","0.5724"
"AST003962","HIGH","0.5724"
"AST033212","HIGH","0.5724"
"AST037977","HIGH","0.5724"
"AST033298","HIGH","0.5724"
"AST029225","HIGH","0.5724"
"AST032087","HIGH","0.5724"
"AST024840","HIGH","0.5724"
"AST012522","HIGH","0.5724"
"AST041114","HIGH","0.5724"
"AST017074","HIGH","0.5724"
"AST036658","HIGH","0.5724"
"AST029076","HIGH","0.5724"
"AST012053","HIGH","0.5724"
"AST009100","HIGH","0.5724"
"AST011394","HIGH","0.5724"
"AST032541","HIGH","0.5724"
"AST013001","HIGH","0.5724"
"AST016737","HIGH","0.5724"
"AST030810","HIGH","0.5724"
"AST024500","HIGH","0.5724"
"AST017515","HIGH","0.5723"
"AST040608","HIGH","0.5723"
"AST040610","HIGH","0.5723"
"AST039271","HIGH","0.5723"
"AST034785","HIGH","0.5723"
"AST014177","HIGH","0.5723"
"AST017200","HIGH","0.5723"
"AST016840","HIGH","0.5723"
"AST015797","HIGH","0.5723"
"AST039064","HIGH","0.5723"
"AST019921","HIGH","0.5723"
"AST040388","HIGH","0.5723"
"AST016647","HIGH","0.5723"
"AST000411","HIGH","0.5723"
"AST037914","HIGH","0.5723"
"AST029461","HIGH","0.5723"
"AST003543","HIGH","0.5723"
"AST006563","HIGH","0.5723"
"AST003349","HIGH","0.5722"
"AST034948","HIGH","0.5722"
"AST017605","HIGH","0.5722"
"AST041407","HIGH","0.5722"
"AST024156","HIGH","0.5722"
"AST024877","HIGH","0.5722"
"AST037077","HIGH","0.5722"
"AST038093","HIGH","0.5722"
"AST015683","HIGH","0.5722"
"AST016776","HIGH","0.5722"
"AST028384","HIGH","0.5722"
"AST007178","HIGH","0.5722"
"AST022622","HIGH","0.5722"
"AST005217","HIGH","0.5722"
"AST039010","HIGH","0.5722"
"AST009593","HIGH","0.5722"
"AST010017","HIGH","0.5722"
"AST038455","HIGH","0.5722"
"AST027543","HIGH","0.5722"
"AST008964","HIGH","0.5722"
"AST019849","HIGH","0.5722"
"AST000646","HIGH","0.5722"
"AST029234","HIGH","0.5722"
"AST038451","HIGH","0.5722"
"AST024486","HIGH","0.5722"
"AST037343","HIGH","0.5722"
"AST012740","HIGH","0.5722"
"AST025873","HIGH","0.5722"
"AST028296","HIGH","0.5722"
"AST005438","HIGH","0.5721"
"AST038997","HIGH","0.5721"
"AST008225","HIGH","0.5721"
"AST036968","HIGH","0.5721"
"AST006710","HIGH","0.5721"
"AST011835","HIGH","0.5721"
"AST036029","HIGH","0.5721"
"AST006531","HIGH","0.5721"
"AST006776","HIGH","0.5721"
"AST032264","HIGH","0.5721"
"AST016004","HIGH","0.5721"
"AST038395","HIGH","0.5721"
"AST022988","HIGH","0.5721"
"AST013969","HIGH","0.5721"
"AST032242","HIGH","0.5721"
"AST017037","HIGH","0.5721"
"AST031400","HIGH","0.5721"
"AST034544","HIGH","0.5721"
"AST031103","HIGH","0.572"
"AST035077","HIGH","0.572"
"AST034897","HIGH","0.572"
"AST016165","HIGH","0.572"
"AST026904","HIGH","0.572"
"AST037300","HIGH","0.572"
"AST005590","HIGH","0.572"
"AST040740","HIGH","0.572"
"AST004109","HIGH","0.572"
"AST031540","HIGH","0.572"
"AST016759","HIGH","0.572"
"AST036436","HIGH","0.572"
"AST019138","HIGH","0.572"
"AST025904","HIGH","0.572"
"AST030097","HIGH","0.572"
"AST009346","HIGH","0.572"
"AST036767","HIGH","0.572"
"AST015774","HIGH","0.572"
"AST018363","HIGH","0.572"
"AST031409","HIGH","0.572"
"AST028605","HIGH","0.572"
"AST020615","HIGH","0.572"
"AST005042","HIGH","0.572"
"AST020943","HIGH","0.572"
"AST038563","HIGH","0.572"
"AST003040","HIGH","0.572"
"AST032575","HIGH","0.5719"
"AST025342","HIGH","0.5719"
"AST010504","HIGH","0.5719"
"AST018697","HIGH","0.5719"
"AST012214","HIGH","0.5719"
"AST024453","HIGH","0.5719"
"AST008436","HIGH","0.5719"
"AST019277","HIGH","0.5719"
"AST005412","HIGH","0.5719"
"AST004618","HIGH","0.5719"
"AST037937","HIGH","0.5719"
"AST015081","HIGH","0.5719"
"AST031397","HIGH","0.5719"
"AST036098","HIGH","0.5719"
"AST025890","HIGH","0.5719"
"AST022167","HIGH","0.5719"
"AST027948","HIGH","0.5719"
"AST006169","HIGH","0.5718"
"AST027975","HIGH","0.5718"
"AST022423","HIGH","0.5718"
"AST034518","HIGH","0.5718"
"AST002880","HIGH","0.5718"
"AST022920","HIGH","0.5718"
"AST004827","HIGH","0.5718"
"AST016386","HIGH","0.5718"
"AST029109","HIGH","0.5718"
"AST036269","HIGH","0.5718"
"AST034704","HIGH","0.5718"
"AST039401","HIGH","0.5718"
"AST020688","HIGH","0.5718"
"AST026777","HIGH","0.5718"
"AST018313","HIGH","0.5718"
"AST001790","HIGH","0.5718"
"AST010303","HIGH","0.5718"
"AST018404","HIGH","0.5718"
"AST030547","HIGH","0.5718"
"AST023036","HIGH","0.5718"
"AST037838","HIGH","0.5718"
"AST037851","HIGH","0.5718"
"AST024379","HIGH","0.5718"
"AST034208","HIGH","0.5718"
"AST035228","HIGH","0.5718"
"AST024528","HIGH","0.5718"
"AST027106","HIGH","0.5717"
"AST013554","HIGH","0.5717"
"AST039776","HIGH","0.5717"
"AST013015","HIGH","0.5717"
"AST020144","HIGH","0.5717"
"AST024862","HIGH","0.5717"
"AST020285","HIGH","0.5717"
"AST031938","HIGH","0.5717"
"AST028529","HIGH","0.5717"
"AST008977","HIGH","0.5717"
"AST021452","HIGH","0.5717"
"AST007892","HIGH","0.5717"
"AST012968","HIGH","0.5717"
"AST037747","HIGH","0.5717"
"AST003408","HIGH","0.5717"
"AST012722","HIGH","0.5717"
"AST030875","HIGH","0.5717"
"AST034115","HIGH","0.5717"
"AST006033","HIGH","0.5717"
"AST006463","HIGH","0.5717"
"AST001545","HIGH","0.5716"
"AST036522","HIGH","0.5716"
"AST009810","HIGH","0.5716"
"AST003341","HIGH","0.5716"
"AST036595","HIGH","0.5716"
"AST003814","HIGH","0.5716"
"AST038164","HIGH","0.5716"
"AST001759","HIGH","0.5716"
"AST029964","HIGH","0.5716"
"AST017234","HIGH","0.5716"
"AST030975","HIGH","0.5716"
"AST027639","HIGH","0.5716"
"AST018255","HIGH","0.5716"
"AST023472","HIGH","0.5716"
"AST004359","HIGH","0.5716"
"AST014658","HIGH","0.5716"
"AST015617","HIGH","0.5716"
"AST014757","HIGH","0.5715"
"AST036426","HIGH","0.5715"
"AST027574","HIGH","0.5715"
"AST022365","HIGH","0.5715"
"AST022381","HIGH","0.5715"
"AST024517","HIGH","0.5715"
"AST030865","HIGH","0.5715"
"AST021000","HIGH","0.5715"
"AST036783","HIGH","0.5715"
"AST002052","HIGH","0.5715"
"AST022544","HIGH","0.5715"
"AST028153","HIGH","0.5715"
"AST037962","HIGH","0.5715"
"AST017586","HIGH","0.5715"
"AST036327","HIGH","0.5715"
"AST005393","HIGH","0.5715"
"AST035982","HIGH","0.5715"
"AST003032","HIGH","0.5715"
"AST037994","HIGH","0.5715"
"AST015395","HIGH","0.5715"
"AST009305","HIGH","0.5715"
"AST028491","HIGH","0.5715"
"AST036766","HIGH","0.5715"
"AST031737","HIGH","0.5715"
"AST037793","HIGH","0.5715"
"AST024473","HIGH","0.5715"
"AST024213","HIGH","0.5715"
"AST017688","HIGH","0.5715"
"AST019822","HIGH","0.5715"
"AST015885","HIGH","0.5715"
"AST038587","HIGH","0.5715"
"AST012591","HIGH","0.5715"
"AST041357","HIGH","0.5715"
"AST023813","HIGH","0.5715"
"AST021674","HIGH","0.5714"
"AST037331","HIGH","0.5714"
"AST030884","HIGH","0.5714"
"AST020686","HIGH","0.5714"
"AST025357","HIGH","0.5714"
"AST012664","HIGH","0.5714"
"AST020152","HIGH","0.5714"
"AST022888","HIGH","0.5714"
"AST038352","HIGH","0.5714"
"AST040857","HIGH","0.5714"
"AST028070","HIGH","0.5714"
"AST021636","HIGH","0.5714"
"AST020978","HIGH","0.5714"
"AST033641","HIGH","0.5714"
"AST037335","HIGH","0.5714"
"AST033329","HIGH","0.5714"
"AST039162","HIGH","0.5714"
"AST011028","HIGH","0.5714"
"AST037445","HIGH","0.5714"
"AST008224","HIGH","0.5714"
"AST028257","HIGH","0.5714"
"AST013722","HIGH","0.5714"
"AST024423","HIGH","0.5714"
"AST011756","HIGH","0.5714"
"AST038745","HIGH","0.5714"
"AST010004","HIGH","0.5714"
"AST000789","HIGH","0.5714"
"AST004768","HIGH","0.5714"
"AST032505","HIGH","0.5713"
"AST002149","HIGH","0.5713"
"AST035251","HIGH","0.5713"
"AST032605","HIGH","0.5713"
"AST011495","HIGH","0.5713"
"AST027970","HIGH","0.5713"
"AST033478","HIGH","0.5713"
"AST023291","HIGH","0.5713"
"AST023401","HIGH","0.5713"
"AST041416","HIGH","0.5713"
"AST034657","HIGH","0.5713"
"AST015024","HIGH","0.5713"
"AST000075","HIGH","0.5713"
"AST018923","HIGH","0.5713"
"AST002574","HIGH","0.5713"
"AST038589","HIGH","0.5713"
"AST039023","HIGH","0.5713"
"AST033871","HIGH","0.5713"
"AST027178","HIGH","0.5713"
"AST008473","HIGH","0.5713"
"AST027856","HIGH","0.5713"
"AST037684","HIGH","0.5712"
"AST000145","HIGH","0.5712"
"AST022249","HIGH","0.5712"
"AST004078","HIGH","0.5712"
"AST030468","HIGH","0.5712"
"AST035596","HIGH","0.5712"
"AST017427","HIGH","0.5712"
"AST020039","HIGH","0.5712"
"AST013506","HIGH","0.5712"
"AST006625","HIGH","0.5712"
"AST004391","HIGH","0.5712"
"AST040520","HIGH","0.5712"
"AST037166","HIGH","0.5712"
"AST039169","HIGH","0.5712"
"AST000637","HIGH","0.5712"
"AST029326","HIGH","0.5712"
"AST010810","HIGH","0.5712"
"AST023949","HIGH","0.5712"
"AST020238","HIGH","0.5712"
"AST033687","HIGH","0.5712"
"AST025257","HIGH","0.5712"
"AST002151","HIGH","0.5712"
"AST032654","HIGH","0.5712"
"AST013949","HIGH","0.5712"
"AST010529","HIGH","0.5712"
"AST036732","HIGH","0.5712"
"AST040309","HIGH","0.5712"
"AST038559","HIGH","0.5712"
"AST040242","HIGH","0.5712"
"AST031096","HIGH","0.5711"
"AST010245","HIGH","0.5711"
"AST000581","HIGH","0.5711"
"AST038460","HIGH","0.5711"
"AST024633","HIGH","0.5711"
"AST026322","HIGH","0.5711"
"AST018673","HIGH","0.5711"
"AST032813","HIGH","0.5711"
"AST019690","HIGH","0.5711"
"AST030771","HIGH","0.5711"
"AST007678","HIGH","0.5711"
"AST023352","HIGH","0.5711"
"AST022578","HIGH","0.5711"
"AST033996","HIGH","0.5711"
"AST040974","HIGH","0.5711"
"AST035681","HIGH","0.5711"
"AST014768","HIGH","0.5711"
"AST038477","HIGH","0.5711"
"AST034395","HIGH","0.5711"
"AST035422","HIGH","0.5711"
"AST035649","HIGH","0.5711"
"AST036109","HIGH","0.5711"
"AST039869","HIGH","0.5711"
"AST010702","HIGH","0.5711"
"AST005725","HIGH","0.571"
"AST013648","HIGH","0.571"
"AST019626","HIGH","0.571"
"AST006064","HIGH","0.571"
"AST016990","HIGH","0.571"
"AST007842","HIGH","0.571"
"AST010812","HIGH","0.571"
"AST040297","HIGH","0.571"
"AST040099","HIGH","0.571"
"AST037428","HIGH","0.571"
"AST012544","HIGH","0.571"
"AST014803","HIGH","0.571"
"AST024171","HIGH","0.571"
"AST025598","HIGH","0.571"
"AST037766","HIGH","0.571"
"AST032348","HIGH","0.571"
"AST006032","HIGH","0.571"
"AST035722","HIGH","0.571"
"AST031853","HIGH","0.571"
"AST038855","HIGH","0.571"
"AST041158","HIGH","0.571"
"AST008069","HIGH","0.571"
"AST038816","HIGH","0.571"
"AST016572","HIGH","0.571"
"AST034740","HIGH","0.571"
"AST023193","HIGH","0.571"
"AST022444","HIGH","0.5709"
"AST005277","HIGH","0.5709"
"AST002943","HIGH","0.5709"
"AST024045","HIGH","0.5709"
"AST037462","HIGH","0.5709"
"AST024496","HIGH","0.5709"
"AST030881","HIGH","0.5709"
"AST010186","HIGH","0.5709"
"AST032818","HIGH","0.5709"
"AST030751","HIGH","0.5709"
"AST010283","HIGH","0.5709"
"AST022764","HIGH","0.5709"
"AST041345","HIGH","0.5709"
"AST035172","HIGH","0.5709"
"AST029725","HIGH","0.5709"
"AST034130","HIGH","0.5709"
"AST014119","HIGH","0.5709"
"AST003944","HIGH","0.5709"
"AST031493","HIGH","0.5709"
"AST030409","HIGH","0.5709"
"AST003930","HIGH","0.5709"
"AST022369","HIGH","0.5709"
"AST013593","HIGH","0.5709"
"AST035120","HIGH","0.5709"
"AST035578","HIGH","0.5709"
"AST027768","HIGH","0.5708"
"AST002422","HIGH","0.5708"
"AST003069","HIGH","0.5708"
"AST025783","HIGH","0.5708"
"AST005041","HIGH","0.5708"
"AST003149","HIGH","0.5708"
"AST026862","HIGH","0.5708"
"AST009436","HIGH","0.5708"
"AST004335","HIGH","0.5708"
"AST000168","HIGH","0.5708"
"AST025917","HIGH","0.5708"
"AST040943","HIGH","0.5708"
"AST033307","HIGH","0.5708"
"AST017431","HIGH","0.5708"
"AST025786","HIGH","0.5708"
"AST003795","HIGH","0.5708"
"AST021230","HIGH","0.5708"
"AST038603","HIGH","0.5708"
"AST023092","HIGH","0.5708"
"AST016067","HIGH","0.5708"
"AST018830","HIGH","0.5708"
"AST040237","HIGH","0.5708"
"AST014415","HIGH","0.5708"
"AST014075","HIGH","0.5708"
"AST009425","HIGH","0.5708"
"AST022596","HIGH","0.5708"
"AST003968","HIGH","0.5708"
"AST041206","HIGH","0.5708"
"AST038442","HIGH","0.5708"
"AST033358","HIGH","0.5708"
"AST033587","HIGH","0.5708"
"AST035304","HIGH","0.5708"
"AST005733","HIGH","0.5707"
"AST016843","HIGH","0.5707"
"AST028094","HIGH","0.5707"
"AST021280","HIGH","0.5707"
"AST032178","HIGH","0.5707"
"AST025086","HIGH","0.5707"
"AST012920","HIGH","0.5707"
"AST037956","HIGH","0.5707"
"AST029565","HIGH","0.5707"
"AST001000","HIGH","0.5707"
"AST040724","HIGH","0.5707"
"AST018526","HIGH","0.5707"
"AST016300","HIGH","0.5707"
"AST037906","HIGH","0.5707"
"AST016889","HIGH","0.5707"
"AST041082","HIGH","0.5707"
"AST029465","HIGH","0.5707"
"AST019114","HIGH","0.5707"
"AST034609","HIGH","0.5707"
"AST006268","HIGH","0.5707"
"AST037481","HIGH","0.5707"
"AST027766","HIGH","0.5707"
"AST037266","HIGH","0.5707"
"AST035011","HIGH","0.5707"
"AST018371","HIGH","0.5707"
"AST011683","HIGH","0.5707"
"AST039510","HIGH","0.5707"
"AST041301","HIGH","0.5707"
"AST040689","HIGH","0.5707"
"AST020292","HIGH","0.5707"
"AST014558","HIGH","0.5706"
"AST022675","HIGH","0.5706"
"AST040802","HIGH","0.5706"
"AST001939","HIGH","0.5706"
"AST034570","HIGH","0.5706"
"AST041238","HIGH","0.5706"
"AST038152","HIGH","0.5706"
"AST029609","HIGH","0.5706"
"AST038657","HIGH","0.5706"
"AST010955","HIGH","0.5706"
"AST038278","HIGH","0.5706"
"AST038070","HIGH","0.5706"
"AST009032","HIGH","0.5706"
"AST040107","HIGH","0.5706"
"AST034147","HIGH","0.5706"
"AST036670","HIGH","0.5706"
"AST015448","HIGH","0.5706"
"AST038127","HIGH","0.5706"
"AST031204","HIGH","0.5706"
"AST024483","HIGH","0.5706"
"AST001116","HIGH","0.5706"
"AST040440","HIGH","0.5706"
"AST030990","HIGH","0.5705"
"AST004098","HIGH","0.5705"
"AST034084","HIGH","0.5705"
"AST024072","HIGH","0.5705"
"AST007175","HIGH","0.5705"
"AST013103","HIGH","0.5705"
"AST003328","HIGH","0.5705"
"AST024569","HIGH","0.5705"
"AST027101","HIGH","0.5705"
"AST017788","HIGH","0.5705"
"AST011784","HIGH","0.5705"
"AST003715","HIGH","0.5705"
"AST033707","HIGH","0.5705"
"AST022470","HIGH","0.5705"
"AST019155","HIGH","0.5705"
"AST019651","HIGH","0.5705"
"AST040073","HIGH","0.5705"
"AST014468","HIGH","0.5705"
"AST030177","HIGH","0.5705"
"AST026537","HIGH","0.5705"
"AST035613","HIGH","0.5705"
"AST007453","HIGH","0.5705"
"AST036420","HIGH","0.5705"
"AST009547","HIGH","0.5705"
"AST005533","HIGH","0.5705"
"AST025761","HIGH","0.5705"
"AST003842","HIGH","0.5705"
"AST001532","HIGH","0.5705"
"AST015886","HIGH","0.5704"
"AST011598","HIGH","0.5704"
"AST031424","HIGH","0.5704"
"AST040340","HIGH","0.5704"
"AST007880","HIGH","0.5704"
"AST024381","HIGH","0.5704"
"AST014794","HIGH","0.5704"
"AST023561","HIGH","0.5704"
"AST036722","HIGH","0.5704"
"AST007724","HIGH","0.5704"
"AST034343","HIGH","0.5704"
"AST011302","HIGH","0.5704"
"AST026139","HIGH","0.5704"
"AST028982","HIGH","0.5704"
"AST013715","HIGH","0.5704"
"AST036645","HIGH","0.5704"
"AST029318","HIGH","0.5704"
"AST040023","HIGH","0.5704"
"AST040196","HIGH","0.5704"
"AST036271","HIGH","0.5704"
"AST023961","HIGH","0.5704"
"AST006901","HIGH","0.5704"
"AST020893","HIGH","0.5704"
"AST037549","HIGH","0.5704"
"AST029522","HIGH","0.5704"
"AST023151","HIGH","0.5704"
"AST036626","HIGH","0.5704"
"AST037209","HIGH","0.5704"
"AST033024","HIGH","0.5704"
"AST028564","HIGH","0.5704"
"AST004174","HIGH","0.5704"
"AST021408","HIGH","0.5703"
"AST018846","HIGH","0.5703"
"AST005070","HIGH","0.5703"
"AST013436","HIGH","0.5703"
"AST033356","HIGH","0.5703"
"AST017603","HIGH","0.5703"
"AST036632","HIGH","0.5703"
"AST020319","HIGH","0.5703"
"AST015555","HIGH","0.5703"
"AST001168","HIGH","0.5703"
"AST025750","HIGH","0.5703"
"AST029865","HIGH","0.5703"
"AST040679","HIGH","0.5703"
"AST039267","HIGH","0.5703"
"AST021013","HIGH","0.5703"
"AST040986","HIGH","0.5703"
"AST021600","HIGH","0.5703"
"AST034865","HIGH","0.5703"
"AST038445","HIGH","0.5703"
"AST004159","HIGH","0.5703"
"AST015197","HIGH","0.5703"
"AST026961","HIGH","0.5703"
"AST016755","HIGH","0.5703"
"AST017124","HIGH","0.5703"
"AST013335","HIGH","0.5703"
"AST032095","HIGH","0.5702"
"AST033986","HIGH","0.5702"
"AST005651","HIGH","0.5702"
"AST023933","HIGH","0.5702"
"AST023320","HIGH","0.5702"
"AST012117","HIGH","0.5702"
"AST032831","HIGH","0.5702"
"AST012020","HIGH","0.5702"
"AST033956","HIGH","0.5702"
"AST027047","HIGH","0.5702"
"AST016579","HIGH","0.5702"
"AST028829","HIGH","0.5702"
"AST021251","HIGH","0.5702"
"AST038238","HIGH","0.5702"
"AST015231","HIGH","0.5702"
"AST038849","HIGH","0.5702"
"AST010045","HIGH","0.5702"
"AST032148","HIGH","0.5702"
"AST001335","HIGH","0.5702"
"AST032111","HIGH","0.5702"
"AST022409","HIGH","0.5702"
"AST020548","HIGH","0.5702"
"AST011809","HIGH","0.5702"
"AST023012","HIGH","0.5702"
"AST008088","HIGH","0.5702"
"AST026995","HIGH","0.5702"
"AST019734","HIGH","0.5702"
"AST018656","HIGH","0.5702"
"AST016064","HIGH","0.5702"
"AST032056","HIGH","0.5701"
"AST029991","HIGH","0.5701"
"AST025911","HIGH","0.5701"
"AST039880","HIGH","0.5701"
"AST016104","HIGH","0.5701"
"AST008010","HIGH","0.5701"
"AST036207","HIGH","0.5701"
"AST039501","HIGH","0.5701"
"AST035456","HIGH","0.5701"
"AST001018","HIGH","0.5701"
"AST041480","HIGH","0.5701"
"AST003151","HIGH","0.5701"
"AST015812","HIGH","0.5701"
"AST015458","HIGH","0.5701"
"AST031962","HIGH","0.5701"
"AST021370","HIGH","0.5701"
"AST040345","HIGH","0.5701"
"AST016327","HIGH","0.5701"
"AST028666","HIGH","0.5701"
"AST039745","HIGH","0.5701"
"AST015433","HIGH","0.5701"
"AST002695","HIGH","0.5701"
"AST033574","HIGH","0.5701"
"AST023442","HIGH","0.5701"
"AST010323","HIGH","0.57"
"AST037521","HIGH","0.57"
"AST026376","HIGH","0.57"
"AST038973","HIGH","0.57"
"AST016906","HIGH","0.57"
"AST017585","HIGH","0.57"
"AST037580","HIGH","0.57"
"AST000107","HIGH","0.57"
"AST008677","HIGH","0.57"
"AST035376","HIGH","0.57"
"AST009885","HIGH","0.57"
"AST036517","HIGH","0.57"
"AST017083","HIGH","0.57"
"AST001835","HIGH","0.57"
"AST040873","HIGH","0.57"
"AST001873","HIGH","0.57"
"AST040010","HIGH","0.57"
"AST039727","HIGH","0.57"
"AST032670","HIGH","0.57"
"AST000397","HIGH","0.57"
"AST008605","HIGH","0.57"
"AST024176","HIGH","0.57"
"AST027008","HIGH","0.57"
"AST005112","HIGH","0.57"
"AST035921","HIGH","0.57"
"AST007977","HIGH","0.5699"
"AST006320","HIGH","0.5699"
"AST026551","HIGH","0.5699"
"AST024883","HIGH","0.5699"
"AST002507","HIGH","0.5699"
"AST014823","HIGH","0.5699"
"AST009349","HIGH","0.5699"
"AST033402","HIGH","0.5699"
"AST029558","HIGH","0.5699"
"AST003197","HIGH","0.5699"
"AST016804","HIGH","0.5699"
"AST000746","HIGH","0.5699"
"AST015808","HIGH","0.5699"
"AST014754","HIGH","0.5699"
"AST037024","HIGH","0.5699"
"AST006837","HIGH","0.5699"
"AST003661","HIGH","0.5699"
"AST039732","HIGH","0.5699"
"AST001590","HIGH","0.5698"
"AST033458","HIGH","0.5698"
"AST032247","HIGH","0.5698"
"AST004089","HIGH","0.5698"
"AST018424","HIGH","0.5698"
"AST006189","HIGH","0.5698"
"AST032501","HIGH","0.5698"
"AST000296","HIGH","0.5698"
"AST030315","HIGH","0.5698"
"AST000552","HIGH","0.5698"
"AST016401","HIGH","0.5698"
"AST025644","HIGH","0.5698"
"AST016650","HIGH","0.5698"
"AST032126","HIGH","0.5698"
"AST040461","HIGH","0.5698"
"AST023016","HIGH","0.5698"
"AST020685","HIGH","0.5698"
"AST029163","HIGH","0.5698"
"AST037366","HIGH","0.5698"
"AST030024","HIGH","0.5698"
"AST033251","HIGH","0.5698"
"AST040982","HIGH","0.5698"
"AST036398","HIGH","0.5698"
"AST016590","HIGH","0.5698"
"AST036730","HIGH","0.5698"
"AST041372","HIGH","0.5698"
"AST020590","HIGH","0.5698"
"AST036992","HIGH","0.5698"
"AST003479","HIGH","0.5698"
"AST002468","HIGH","0.5698"
"AST022536","HIGH","0.5698"
"AST034669","HIGH","0.5698"
"AST020278","HIGH","0.5698"
"AST033610","HIGH","0.5698"
"AST030343","HIGH","0.5698"
"AST031882","HIGH","0.5698"
"AST027728","HIGH","0.5698"
"AST002087","HIGH","0.5698"
"AST027446","HIGH","0.5697"
"AST026468","HIGH","0.5697"
"AST018898","HIGH","0.5697"
"AST036264","HIGH","0.5697"
"AST032413","HIGH","0.5697"
"AST005597","HIGH","0.5697"
"AST024997","HIGH","0.5697"
"AST014884","HIGH","0.5697"
"AST010020","HIGH","0.5697"
"AST035294","HIGH","0.5697"
"AST011069","HIGH","0.5697"
"AST021567","HIGH","0.5697"
"AST011490","HIGH","0.5697"
"AST037870","HIGH","0.5697"
"AST031623","HIGH","0.5697"
"AST005660","HIGH","0.5697"
"AST034090","HIGH","0.5697"
"AST000755","HIGH","0.5697"
"AST036747","HIGH","0.5697"
"AST014236","HIGH","0.5697"
"AST029909","HIGH","0.5697"
"AST032586","HIGH","0.5697"
"AST032564","HIGH","0.5697"
"AST032330","HIGH","0.5697"
"AST033233","HIGH","0.5697"
"AST026092","HIGH","0.5697"
"AST029425","HIGH","0.5697"
"AST033504","HIGH","0.5697"
"AST041293","HIGH","0.5697"
"AST007493","HIGH","0.5697"
"AST029500","HIGH","0.5696"
"AST006280","HIGH","0.5696"
"AST033379","HIGH","0.5696"
"AST023666","HIGH","0.5696"
"AST023040","HIGH","0.5696"
"AST028821","HIGH","0.5696"
"AST005708","HIGH","0.5696"
"AST024114","HIGH","0.5696"
"AST033389","HIGH","0.5696"
"AST013443","HIGH","0.5696"
"AST020413","HIGH","0.5696"
"AST009559","HIGH","0.5696"
"AST038879","HIGH","0.5696"
"AST033147","HIGH","0.5696"
"AST013029","HIGH","0.5696"
"AST019657","HIGH","0.5696"
"AST030193","HIGH","0.5696"
"AST012652","HIGH","0.5696"
"AST001194","HIGH","0.5696"
"AST016126","HIGH","0.5696"
"AST034008","HIGH","0.5696"
"AST038520","HIGH","0.5696"
"AST041364","HIGH","0.5696"
"AST020209","HIGH","0.5696"
"AST010723","HIGH","0.5696"
"AST023315","HIGH","0.5696"
"AST000437","HIGH","0.5696"
"AST014721","HIGH","0.5695"
"AST013682","HIGH","0.5695"
"AST023481","HIGH","0.5695"
"AST033965","HIGH","0.5695"
"AST038586","HIGH","0.5695"
"AST009108","HIGH","0.5695"
"AST037925","HIGH","0.5695"
"AST034080","HIGH","0.5695"
"AST016036","HIGH","0.5695"
"AST003186","HIGH","0.5695"
"AST000882","HIGH","0.5695"
"AST039475","HIGH","0.5695"
"AST026531","HIGH","0.5695"
"AST006351","HIGH","0.5695"
"AST018615","HIGH","0.5695"
"AST010510","HIGH","0.5695"
"AST039368","HIGH","0.5695"
"AST009748","HIGH","0.5695"
"AST003200","HIGH","0.5695"
"AST008691","HIGH","0.5695"
"AST006701","HIGH","0.5695"
"AST040631","HIGH","0.5695"
"AST031501","HIGH","0.5695"
"AST022276","HIGH","0.5695"
"AST012119","HIGH","0.5694"
"AST015314","HIGH","0.5694"
"AST019639","HIGH","0.5694"
"AST004906","HIGH","0.5694"
"AST025470","HIGH","0.5694"
"AST039728","HIGH","0.5694"
"AST011125","HIGH","0.5694"
"AST007120","HIGH","0.5694"
"AST005423","HIGH","0.5694"
"AST024127","HIGH","0.5694"
"AST037814","HIGH","0.5694"
"AST040092","HIGH","0.5694"
"AST023150","HIGH","0.5694"
"AST019527","HIGH","0.5694"
"AST009003","HIGH","0.5694"
"AST020497","HIGH","0.5694"
"AST020046","HIGH","0.5694"
"AST013376","HIGH","0.5694"
"AST034594","HIGH","0.5694"
"AST020334","HIGH","0.5694"
"AST006888","HIGH","0.5694"
"AST015697","HIGH","0.5694"
"AST005492","HIGH","0.5694"
"AST031314","HIGH","0.5694"
"AST010239","HIGH","0.5694"
"AST020130","HIGH","0.5694"
"AST019297","HIGH","0.5694"
"AST033437","HIGH","0.5694"
"AST016108","HIGH","0.5694"
"AST031786","HIGH","0.5694"
"AST030829","HIGH","0.5694"
"AST038581","HIGH","0.5694"
"AST020031","HIGH","0.5693"
"AST030229","HIGH","0.5693"
"AST023704","HIGH","0.5693"
"AST020124","HIGH","0.5693"
"AST011515","HIGH","0.5693"
"AST008940","HIGH","0.5693"
"AST036242","HIGH","0.5693"
"AST018148","HIGH","0.5693"
"AST035979","HIGH","0.5693"
"AST019872","HIGH","0.5693"
"AST037315","HIGH","0.5693"
"AST022213","HIGH","0.5693"
"AST026661","HIGH","0.5693"
"AST036756","HIGH","0.5693"
"AST002225","HIGH","0.5693"
"AST028166","HIGH","0.5693"
"AST038434","HIGH","0.5693"
"AST004844","HIGH","0.5693"
"AST038266","HIGH","0.5693"
"AST029694","HIGH","0.5693"
"AST016449","HIGH","0.5693"
"AST001494","HIGH","0.5693"
"AST003054","HIGH","0.5693"
"AST019707","HIGH","0.5693"
"AST035477","HIGH","0.5693"
"AST026997","HIGH","0.5693"
"AST019049","HIGH","0.5693"
"AST032723","HIGH","0.5693"
"AST031230","HIGH","0.5693"
"AST020447","HIGH","0.5693"
"AST016964","HIGH","0.5693"
"AST039851","HIGH","0.5693"
"AST034950","HIGH","0.5692"
"AST003517","HIGH","0.5692"
"AST007002","HIGH","0.5692"
"AST036755","HIGH","0.5692"
"AST036844","HIGH","0.5692"
"AST008524","HIGH","0.5692"
"AST035214","HIGH","0.5692"
"AST023731","HIGH","0.5692"
"AST001506","HIGH","0.5692"
"AST033227","HIGH","0.5692"
"AST033382","HIGH","0.5692"
"AST037502","HIGH","0.5692"
"AST040268","HIGH","0.5692"
"AST018740","HIGH","0.5692"
"AST038679","HIGH","0.5692"
"AST011960","HIGH","0.5692"
"AST014108","HIGH","0.5692"
"AST030291","HIGH","0.5692"
"AST015187","HIGH","0.5692"
"AST012755","HIGH","0.5692"
"AST008472","HIGH","0.5692"
"AST041400","HIGH","0.5692"
"AST021813","HIGH","0.5691"
"AST013961","HIGH","0.5691"
"AST038102","HIGH","0.5691"
"AST000128","HIGH","0.5691"
"AST021473","HIGH","0.5691"
"AST021417","HIGH","0.5691"
"AST005175","HIGH","0.5691"
"AST037003","HIGH","0.5691"
"AST037686","HIGH","0.5691"
"AST031135","HIGH","0.5691"
"AST030588","HIGH","0.5691"
"AST019108","HIGH","0.5691"
"AST014157","HIGH","0.5691"
"AST023162","HIGH","0.5691"
"AST031756","HIGH","0.5691"
"AST024038","HIGH","0.5691"
"AST030843","HIGH","0.5691"
"AST032944","HIGH","0.5691"
"AST006126","HIGH","0.5691"
"AST011590","HIGH","0.5691"
"AST015776","HIGH","0.5691"
"AST037798","HIGH","0.5691"
"AST033039","HIGH","0.5691"
"AST016570","HIGH","0.5691"
"AST000827","HIGH","0.5691"
"AST030620","HIGH","0.5691"
"AST036086","HIGH","0.5691"
"AST019931","HIGH","0.5691"
"AST014254","HIGH","0.5691"
"AST012932","HIGH","0.5691"
"AST031202","HIGH","0.5691"
"AST021984","HIGH","0.5691"
"AST009865","HIGH","0.5691"
"AST026366","HIGH","0.569"
"AST004825","HIGH","0.569"
"AST018774","HIGH","0.569"
"AST031960","HIGH","0.569"
"AST015770","HIGH","0.569"
"AST009588","HIGH","0.569"
"AST035644","HIGH","0.569"
"AST020419","HIGH","0.569"
"AST036051","HIGH","0.569"
"AST041152","HIGH","0.569"
"AST023533","HIGH","0.569"
"AST030520","HIGH","0.569"
"AST032439","HIGH","0.569"
"AST038782","HIGH","0.569"
"AST016191","HIGH","0.569"
"AST009524","HIGH","0.569"
"AST027374","HIGH","0.569"
"AST024634","HIGH","0.569"
"AST000707","HIGH","0.569"
"AST023883","HIGH","0.5689"
"AST007293","HIGH","0.5689"
"AST023701","HIGH","0.5689"
"AST026672","HIGH","0.5689"
"AST017902","HIGH","0.5689"
"AST010484","HIGH","0.5689"
"AST012353","HIGH","0.5689"
"AST030661","HIGH","0.5689"
"AST038189","HIGH","0.5689"
"AST007220","HIGH","0.5689"
"AST028415","HIGH","0.5689"
"AST037002","HIGH","0.5689"
"AST032805","HIGH","0.5689"
"AST008109","HIGH","0.5689"
"AST008227","HIGH","0.5689"
"AST015071","HIGH","0.5689"
"AST012668","HIGH","0.5689"
"AST021675","HIGH","0.5689"
"AST002929","HIGH","0.5689"
"AST034211","HIGH","0.5689"
"AST005808","HIGH","0.5689"
"AST038349","HIGH","0.5689"
"AST036340","HIGH","0.5689"
"AST012823","HIGH","0.5689"
"AST029281","HIGH","0.5689"
"AST027290","HIGH","0.5689"
"AST021212","HIGH","0.5689"
"AST006195","HIGH","0.5689"
"AST012631","HIGH","0.5689"
"AST008270","HIGH","0.5689"
"AST002609","HIGH","0.5689"
"AST025575","HIGH","0.5689"
"AST038724","HIGH","0.5689"
"AST000849","HIGH","0.5689"
"AST035577","HIGH","0.5689"
"AST032950","HIGH","0.5689"
"AST008565","HIGH","0.5689"
"AST001147","HIGH","0.5689"
"AST004980","HIGH","0.5689"
"AST013012","HIGH","0.5689"
"AST024332","HIGH","0.5689"
"AST040422","HIGH","0.5689"
"AST037259","HIGH","0.5689"
"AST018783","HIGH","0.5689"
"AST005893","HIGH","0.5689"
"AST011273","HIGH","0.5689"
"AST031125","HIGH","0.5689"
"AST035112","HIGH","0.5689"
"AST030472","HIGH","0.5689"
"AST002490","HIGH","0.5689"
"AST035809","HIGH","0.5689"
"AST018724","HIGH","0.5688"
"AST005860","HIGH","0.5688"
"AST013203","HIGH","0.5688"
"AST034317","HIGH","0.5688"
"AST034824","HIGH","0.5688"
"AST031817","HIGH","0.5688"
"AST030571","HIGH","0.5688"
"AST028395","HIGH","0.5688"
"AST027161","HIGH","0.5688"
"AST004081","HIGH","0.5688"
"AST004453","HIGH","0.5688"
"AST022902","HIGH","0.5688"
"AST021001","HIGH","0.5688"
"AST012435","HIGH","0.5688"
"AST040630","HIGH","0.5688"
"AST027901","HIGH","0.5688"
"AST020018","HIGH","0.5688"
"AST033069","HIGH","0.5688"
"AST032344","HIGH","0.5688"
"AST027961","HIGH","0.5688"
"AST010761","HIGH","0.5688"
"AST038040","HIGH","0.5688"
"AST021722","HIGH","0.5688"
"AST036393","HIGH","0.5688"
"AST039202","HIGH","0.5688"
"AST029380","HIGH","0.5687"
"AST022471","HIGH","0.5687"
"AST011457","HIGH","0.5687"
"AST030483","HIGH","0.5687"
"AST015476","HIGH","0.5687"
"AST018530","HIGH","0.5687"
"AST028810","HIGH","0.5687"
"AST024847","HIGH","0.5687"
"AST007793","HIGH","0.5687"
"AST023888","HIGH","0.5687"
"AST009897","HIGH","0.5687"
"AST033857","HIGH","0.5687"
"AST015941","HIGH","0.5687"
"AST038497","HIGH","0.5687"
"AST001996","HIGH","0.5687"
"AST027585","HIGH","0.5687"
"AST032576","HIGH","0.5687"
"AST015766","HIGH","0.5687"
"AST027747","HIGH","0.5687"
"AST015276","HIGH","0.5687"
"AST030067","HIGH","0.5687"
"AST009826","HIGH","0.5687"
"AST030305","HIGH","0.5687"
"AST014043","HIGH","0.5687"
"AST015148","HIGH","0.5687"
"AST030311","HIGH","0.5687"
"AST024188","HIGH","0.5687"
"AST028753","HIGH","0.5687"
"AST029885","HIGH","0.5687"
"AST032034","HIGH","0.5687"
"AST038357","HIGH","0.5687"
"AST033897","HIGH","0.5687"
"AST018448","HIGH","0.5686"
"AST039796","HIGH","0.5686"
"AST038063","HIGH","0.5686"
"AST018769","HIGH","0.5686"
"AST024513","HIGH","0.5686"
"AST040155","HIGH","0.5686"
"AST039843","HIGH","0.5686"
"AST018986","HIGH","0.5686"
"AST016573","HIGH","0.5686"
"AST028456","HIGH","0.5686"
"AST020647","HIGH","0.5686"
"AST009538","HIGH","0.5686"
"AST027749","HIGH","0.5686"
"AST016058","HIGH","0.5686"
"AST031454","HIGH","0.5686"
"AST017092","HIGH","0.5686"
"AST030696","HIGH","0.5686"
"AST009124","HIGH","0.5686"
"AST022915","HIGH","0.5686"
"AST016342","HIGH","0.5686"
"AST035085","HIGH","0.5686"
"AST020011","HIGH","0.5686"
"AST026240","HIGH","0.5686"
"AST018840","HIGH","0.5686"
"AST038507","HIGH","0.5686"
"AST036331","HIGH","0.5686"
"AST017985","HIGH","0.5686"
"AST036689","HIGH","0.5686"
"AST012666","HIGH","0.5686"
"AST040992","HIGH","0.5686"
"AST019892","HIGH","0.5686"
"AST022259","HIGH","0.5685"
"AST040543","HIGH","0.5685"
"AST041242","HIGH","0.5685"
"AST025043","HIGH","0.5685"
"AST018738","HIGH","0.5685"
"AST028561","HIGH","0.5685"
"AST002945","HIGH","0.5685"
"AST023940","HIGH","0.5685"
"AST010171","HIGH","0.5685"
"AST007581","HIGH","0.5685"
"AST014038","HIGH","0.5685"
"AST010458","HIGH","0.5685"
"AST013070","HIGH","0.5685"
"AST019737","HIGH","0.5685"
"AST020093","HIGH","0.5685"
"AST007215","HIGH","0.5685"
"AST038218","HIGH","0.5685"
"AST003864","HIGH","0.5685"
"AST030698","HIGH","0.5685"
"AST034645","HIGH","0.5685"
"AST016416","HIGH","0.5685"
"AST023564","HIGH","0.5685"
"AST039112","HIGH","0.5685"
"AST015114","HIGH","0.5685"
"AST041251","HIGH","0.5685"
"AST020462","HIGH","0.5685"
"AST008908","HIGH","0.5685"
"AST001969","HIGH","0.5685"
"AST011265","HIGH","0.5685"
"AST019008","HIGH","0.5685"
"AST027746","HIGH","0.5685"
"AST017835","HIGH","0.5685"
"AST037975","HIGH","0.5684"
"AST026381","HIGH","0.5684"
"AST004879","HIGH","0.5684"
"AST012520","HIGH","0.5684"
"AST002436","HIGH","0.5684"
"AST037143","HIGH","0.5684"
"AST006023","HIGH","0.5684"
"AST005302","HIGH","0.5684"
"AST014583","HIGH","0.5684"
"AST016476","HIGH","0.5684"
"AST000968","HIGH","0.5684"
"AST031875","HIGH","0.5684"
"AST006684","HIGH","0.5684"
"AST017205","HIGH","0.5684"
"AST036267","HIGH","0.5684"
"AST008175","HIGH","0.5684"
"AST020002","HIGH","0.5684"
"AST041348","HIGH","0.5684"
"AST016145","HIGH","0.5684"
"AST039314","HIGH","0.5684"
"AST023510","HIGH","0.5684"
"AST024337","HIGH","0.5684"
"AST025609","HIGH","0.5684"
"AST010428","HIGH","0.5684"
"AST021413","HIGH","0.5684"
"AST023774","HIGH","0.5684"
"AST008753","HIGH","0.5684"
"AST005634","HIGH","0.5684"
"AST009163","HIGH","0.5684"
"AST039320","HIGH","0.5684"
"AST034709","HIGH","0.5684"
"AST008130","HIGH","0.5684"
"AST033263","HIGH","0.5684"
"AST025709","HIGH","0.5684"
"AST035050","HIGH","0.5684"
"AST022435","HIGH","0.5684"
"AST006497","HIGH","0.5684"
"AST013827","HIGH","0.5684"
"AST038459","HIGH","0.5683"
"AST031580","HIGH","0.5683"
"AST041269","HIGH","0.5683"
"AST031693","HIGH","0.5683"
"AST040874","HIGH","0.5683"
"AST033855","HIGH","0.5683"
"AST038494","HIGH","0.5683"
"AST013008","HIGH","0.5683"
"AST018833","HIGH","0.5683"
"AST008599","HIGH","0.5683"
"AST008545","HIGH","0.5683"
"AST024401","HIGH","0.5683"
"AST000311","HIGH","0.5683"
"AST008434","HIGH","0.5683"
"AST030997","HIGH","0.5683"
"AST003528","HIGH","0.5683"
"AST019038","HIGH","0.5683"
"AST040899","HIGH","0.5683"
"AST016654","HIGH","0.5683"
"AST030294","HIGH","0.5683"
"AST001786","HIGH","0.5683"
"AST025187","HIGH","0.5683"
"AST016150","HIGH","0.5683"
"AST022995","HIGH","0.5683"
"AST012944","HIGH","0.5683"
"AST035685","HIGH","0.5683"
"AST022642","HIGH","0.5683"
"AST013905","HIGH","0.5683"
"AST032990","HIGH","0.5683"
"AST026681","HIGH","0.5683"
"AST007417","HIGH","0.5683"
"AST024531","HIGH","0.5683"
"AST010007","HIGH","0.5682"
"AST035953","HIGH","0.5682"
"AST022264","HIGH","0.5682"
"AST001378","HIGH","0.5682"
"AST007014","HIGH","0.5682"
"AST016375","HIGH","0.5682"
"AST029190","HIGH","0.5682"
"AST016042","HIGH","0.5682"
"AST017896","HIGH","0.5682"
"AST016412","HIGH","0.5682"
"AST013123","HIGH","0.5682"
"AST026097","HIGH","0.5682"
"AST034715","HIGH","0.5682"
"AST037076","HIGH","0.5682"
"AST027669","HIGH","0.5682"
"AST012440","HIGH","0.5682"
"AST014651","HIGH","0.5682"
"AST006445","HIGH","0.5682"
"AST002977","HIGH","0.5682"
"AST026006","HIGH","0.5682"
"AST023093","HIGH","0.5682"
"AST000141","HIGH","0.5682"
"AST003278","HIGH","0.5682"
"AST041031","HIGH","0.5682"
"AST041503","HIGH","0.5682"
"AST029142","HIGH","0.5682"
"AST009472","HIGH","0.5682"
"AST039960","HIGH","0.5682"
"AST015208","HIGH","0.5682"
"AST003536","HIGH","0.5682"
"AST026780","HIGH","0.5682"
"AST002999","HIGH","0.5682"
"AST019032","HIGH","0.5682"
"AST025525","HIGH","0.5682"
"AST019190","HIGH","0.5682"
"AST032487","HIGH","0.5682"
"AST039043","HIGH","0.5682"
"AST021766","HIGH","0.5682"
"AST031453","HIGH","0.5682"
"AST007440","HIGH","0.5682"
"AST010230","HIGH","0.5682"
"AST019129","HIGH","0.5682"
"AST022266","HIGH","0.5681"
"AST023345","HIGH","0.5681"
"AST028359","HIGH","0.5681"
"AST040180","HIGH","0.5681"
"AST023355","HIGH","0.5681"
"AST000030","HIGH","0.5681"
"AST001117","HIGH","0.5681"
"AST025900","HIGH","0.5681"
"AST033219","HIGH","0.5681"
"AST034966","HIGH","0.5681"
"AST028406","HIGH","0.5681"
"AST041317","HIGH","0.5681"
"AST004302","HIGH","0.5681"
"AST028449","HIGH","0.5681"
"AST029510","HIGH","0.5681"
"AST018561","HIGH","0.5681"
"AST012617","HIGH","0.5681"
"AST040878","HIGH","0.5681"
"AST030644","HIGH","0.5681"
"AST036965","HIGH","0.5681"
"AST025396","HIGH","0.5681"
"AST019414","HIGH","0.5681"
"AST006343","HIGH","0.5681"
"AST008996","HIGH","0.5681"
"AST010968","HIGH","0.5681"
"AST035292","HIGH","0.5681"
"AST008755","HIGH","0.5681"
"AST012252","HIGH","0.5681"
"AST037513","HIGH","0.5681"
"AST039991","HIGH","0.5681"
"AST033345","HIGH","0.5681"
"AST000887","HIGH","0.5681"
"AST036044","HIGH","0.5681"
"AST022797","HIGH","0.5681"
"AST010544","HIGH","0.568"
"AST028947","HIGH","0.568"
"AST036182","HIGH","0.568"
"AST026833","HIGH","0.568"
"AST016209","HIGH","0.568"
"AST024780","HIGH","0.568"
"AST022023","HIGH","0.568"
"AST026525","HIGH","0.568"
"AST039056","HIGH","0.568"
"AST012954","HIGH","0.568"
"AST003969","HIGH","0.568"
"AST006550","HIGH","0.568"
"AST036100","HIGH","0.568"
"AST016171","HIGH","0.568"
"AST032296","HIGH","0.568"
"AST036799","HIGH","0.568"
"AST037807","HIGH","0.568"
"AST015076","HIGH","0.568"
"AST036064","HIGH","0.568"
"AST016433","HIGH","0.568"
"AST037476","HIGH","0.568"
"AST017909","HIGH","0.568"
"AST008710","HIGH","0.568"
"AST037084","HIGH","0.568"
"AST007234","HIGH","0.568"
"AST008533","HIGH","0.568"
"AST022767","HIGH","0.568"
"AST037519","HIGH","0.568"
"AST038342","HIGH","0.568"
"AST037318","HIGH","0.568"
"AST025717","HIGH","0.568"
"AST039092","HIGH","0.568"
"AST028854","HIGH","0.568"
"AST035690","HIGH","0.568"
"AST037571","HIGH","0.5679"
"AST008300","HIGH","0.5679"
"AST021383","HIGH","0.5679"
"AST013294","HIGH","0.5679"
"AST025473","HIGH","0.5679"
"AST019420","HIGH","0.5679"
"AST009668","HIGH","0.5679"
"AST000813","HIGH","0.5679"
"AST033892","HIGH","0.5679"
"AST009494","HIGH","0.5679"
"AST026748","HIGH","0.5679"
"AST013043","HIGH","0.5679"
"AST018977","HIGH","0.5679"
"AST005335","HIGH","0.5679"
"AST034777","HIGH","0.5679"
"AST012942","HIGH","0.5679"
"AST007516","HIGH","0.5679"
"AST040826","HIGH","0.5679"
"AST030596","HIGH","0.5679"
"AST018532","HIGH","0.5679"
"AST004197","HIGH","0.5679"
"AST010452","HIGH","0.5679"
"AST025056","HIGH","0.5679"
"AST032652","HIGH","0.5679"
"AST021327","HIGH","0.5679"
"AST010965","HIGH","0.5679"
"AST006965","HIGH","0.5679"
"AST012813","HIGH","0.5679"
"AST019167","HIGH","0.5679"
"AST035529","HIGH","0.5679"
"AST014142","HIGH","0.5679"
"AST016538","HIGH","0.5679"
"AST027429","HIGH","0.5679"
"AST031844","HIGH","0.5679"
"AST038850","HIGH","0.5679"
"AST027152","HIGH","0.5679"
"AST029031","HIGH","0.5679"
"AST035206","HIGH","0.5679"
"AST023288","HIGH","0.5679"
"AST038645","HIGH","0.5679"
"AST033758","HIGH","0.5679"
"AST028418","HIGH","0.5679"
"AST017507","HIGH","0.5679"
"AST014202","HIGH","0.5678"
"AST022339","HIGH","0.5677"
"AST013880","HIGH","0.5677"
"AST041452","HIGH","0.5677"
"AST040316","HIGH","0.5677"
"AST035959","HIGH","0.5676"
"AST005227","HIGH","0.5675"
"AST015356","HIGH","0.5675"
"AST015937","HIGH","0.5674"
"AST023588","HIGH","0.5673"
"AST014894","HIGH","0.5672"
"AST002881","HIGH","0.5672"
"AST002218","HIGH","0.5672"
"AST040291","HIGH","0.5672"
"AST002284","HIGH","0.5672"
"AST014266","HIGH","0.5672"
"AST003685","HIGH","0.5671"
"AST027253","HIGH","0.5671"
"AST026439","HIGH","0.5671"
"AST015928","HIGH","0.5671"
"AST017285","HIGH","0.5671"
"AST003079","HIGH","0.567"
"AST005516","HIGH","0.567"
"AST011285","HIGH","0.567"
"AST038479","HIGH","0.567"
"AST033023","HIGH","0.5669"
"AST037773","HIGH","0.5669"
"AST014124","HIGH","0.5668"
"AST040657","HIGH","0.5668"
"AST023182","HIGH","0.5667"
"AST030137","HIGH","0.5667"
"AST016904","HIGH","0.5667"
"AST036039","HIGH","0.5667"
"AST041108","HIGH","0.5667"
"AST033791","HIGH","0.5666"
"AST019986","HIGH","0.5666"
"AST031765","HIGH","0.5666"
"AST038228","HIGH","0.5666"
"AST004354","HIGH","0.5666"
"AST012548","HIGH","0.5665"
"AST037270","HIGH","0.5665"
"AST027462","HIGH","0.5664"
"AST022022","HIGH","0.5664"
"AST034424","HIGH","0.5664"
"AST029816","HIGH","0.5664"
"AST014461","HIGH","0.5664"
"AST013338","HIGH","0.5664"
"AST029573","HIGH","0.5663"
"AST038962","HIGH","0.5663"
"AST016011","HIGH","0.5663"
"AST038166","HIGH","0.5662"
"AST036823","HIGH","0.5661"
"AST034475","HIGH","0.5661"
"AST010121","HIGH","0.5661"
"AST038325","HIGH","0.566"
"AST004426","HIGH","0.5659"
"AST015807","HIGH","0.5659"
"AST003491","HIGH","0.5659"
"AST036110","HIGH","0.5658"
"AST014843","HIGH","0.5658"
"AST013795","HIGH","0.5658"
"AST015926","HIGH","0.5658"
"AST035343","HIGH","0.5657"
"AST019022","HIGH","0.5657"
"AST028480","HIGH","0.5657"
"AST017692","HIGH","0.5657"
"AST000283","HIGH","0.5657"
"AST041349","HIGH","0.5657"
"AST008127","HIGH","0.5656"
"AST011898","HIGH","0.5656"
"AST018445","HIGH","0.5656"
"AST039992","HIGH","0.5656"
"AST007292","HIGH","0.5656"
"AST031548","HIGH","0.5656"
"AST014186","HIGH","0.5655"
"AST040469","HIGH","0.5655"
"AST039274","HIGH","0.5655"
"AST010763","HIGH","0.5654"
"AST038003","HIGH","0.5654"
"AST013824","HIGH","0.5654"
"AST011195","HIGH","0.5654"
"AST009369","HIGH","0.5654"
"AST020160","HIGH","0.5653"
"AST022045","HIGH","0.5653"
"AST004702","HIGH","0.5653"
"AST002947","HIGH","0.5653"
"AST002075","HIGH","0.5652"
"AST002855","HIGH","0.5652"
"AST024738","HIGH","0.5652"
"AST024624","HIGH","0.5651"
"AST016955","HIGH","0.5651"
"AST037797","HIGH","0.5651"
"AST015126","HIGH","0.5651"
"AST019459","HIGH","0.5651"
"AST018314","HIGH","0.5651"
"AST011559","HIGH","0.565"
"AST015953","HIGH","0.565"
"AST040667","HIGH","0.565"
"AST003703","HIGH","0.565"
"AST031248","HIGH","0.565"
"AST031664","HIGH","0.5649"
"AST035523","HIGH","0.5649"
"AST036803","HIGH","0.5649"
"AST031951","HIGH","0.5649"
"AST001164","HIGH","0.5648"
"AST038476","HIGH","0.5648"
"AST010758","HIGH","0.5648"
"AST006910","HIGH","0.5648"
"AST006216","HIGH","0.5648"
"AST025412","HIGH","0.5648"
"AST035539","HIGH","0.5648"
"AST031534","HIGH","0.5648"
"AST034714","HIGH","0.5647"
"AST012709","HIGH","0.5647"
"AST001591","HIGH","0.5647"
"AST003977","HIGH","0.5646"
"AST018811","HIGH","0.5646"
"AST031170","HIGH","0.5646"
"AST024128","HIGH","0.5646"
"AST031925","HIGH","0.5645"
"AST014952","HIGH","0.5645"
"AST024192","HIGH","0.5645"
"AST011118","HIGH","0.5645"
"AST004574","HIGH","0.5645"
"AST038665","HIGH","0.5643"
"AST005684","HIGH","0.5643"
"AST033967","HIGH","0.5643"
"AST035006","HIGH","0.5643"
"AST021952","HIGH","0.5642"
"AST030925","HIGH","0.5642"
"AST036487","HIGH","0.5642"
"AST017186","HIGH","0.5642"
"AST007090","HIGH","0.5641"
"AST006092","HIGH","0.5641"
"AST039095","HIGH","0.5641"
"AST016220","HIGH","0.5641"
"AST033118","HIGH","0.5641"
"AST012109","HIGH","0.5641"
"AST031481","HIGH","0.5641"
"AST016818","HIGH","0.564"
"AST038521","HIGH","0.564"
"AST011776","HIGH","0.564"
"AST023589","HIGH","0.564"
"AST021488","HIGH","0.5639"
"AST036841","HIGH","0.5639"
"AST028704","HIGH","0.5639"
"AST007750","HIGH","0.5639"
"AST004664","HIGH","0.5638"
"AST014949","HIGH","0.5638"
"AST015134","HIGH","0.5637"
"AST015943","HIGH","0.5637"
"AST024430","HIGH","0.5637"
"AST032611","HIGH","0.5637"
"AST026920","HIGH","0.5636"
"AST006130","HIGH","0.5635"
"AST010269","HIGH","0.5635"
"AST019889","HIGH","0.5634"
"AST026179","HIGH","0.5634"
"AST039538","HIGH","0.5633"
"AST025146","HIGH","0.5633"
"AST034254","HIGH","0.5633"
"AST019007","HIGH","0.5633"
"AST022733","HIGH","0.5633"
"AST014947","HIGH","0.5633"
"AST023055","HIGH","0.5632"
"AST036076","HIGH","0.5632"
"AST031647","HIGH","0.5632"
"AST010640","HIGH","0.5631"
"AST004423","HIGH","0.5631"
"AST025054","HIGH","0.5631"
"AST002932","HIGH","0.5631"
"AST017593","HIGH","0.5631"
"AST004065","HIGH","0.563"
"AST014440","HIGH","0.563"
"AST024472","HIGH","0.563"
"AST035178","HIGH","0.563"
"AST007736","HIGH","0.563"
"AST022000","HIGH","0.5629"
"AST018408","HIGH","0.5629"
"AST001935","HIGH","0.5629"
"AST019918","HIGH","0.5627"
"AST003540","HIGH","0.5627"
"AST018770","HIGH","0.5626"
"AST005001","HIGH","0.5626"
"AST001072","HIGH","0.5625"
"AST037338","HIGH","0.5625"
"AST039144","HIGH","0.5625"
"AST019109","HIGH","0.5625"
"AST009424","HIGH","0.5625"
"AST015635","HIGH","0.5624"
"AST017310","HIGH","0.5624"
"AST030359","HIGH","0.5624"
"AST001523","HIGH","0.5624"
"AST040853","HIGH","0.5623"
"AST030309","HIGH","0.5622"
"AST009282","HIGH","0.5622"
"AST020550","HIGH","0.5622"
"AST009414","HIGH","0.5622"
"AST026356","HIGH","0.5622"
"AST034655","HIGH","0.5621"
"AST004183","HIGH","0.5621"
"AST039329","HIGH","0.562"
"AST033016","HIGH","0.562"
"AST028016","HIGH","0.562"
"AST014402","HIGH","0.562"
"AST036019","HIGH","0.562"
"AST014784","HIGH","0.562"
"AST002035","HIGH","0.5619"
"AST015567","HIGH","0.5619"
"AST035521","HIGH","0.5619"
"AST013181","HIGH","0.5619"
"AST038134","HIGH","0.5618"
"AST016176","HIGH","0.5618"
"AST002834","HIGH","0.5618"
"AST006576","HIGH","0.5618"
"AST007563","HIGH","0.5618"
"AST014602","HIGH","0.5618"
"AST005737","HIGH","0.5617"
"AST015273","HIGH","0.5617"
"AST011745","HIGH","0.5617"
"AST025384","HIGH","0.5617"
"AST002891","HIGH","0.5617"
"AST022561","HIGH","0.5616"
"AST013073","HIGH","0.5616"
"AST022657","HIGH","0.5616"
"AST028358","HIGH","0.5616"
"AST008802","HIGH","0.5616"
"AST030685","HIGH","0.5615"
"AST006558","HIGH","0.5614"
"AST024478","HIGH","0.5614"
"AST012469","HIGH","0.5614"
"AST022064","HIGH","0.5613"
"AST030110","HIGH","0.5613"
"AST009981","HIGH","0.5613"
"AST034671","HIGH","0.5613"
"AST022933","HIGH","0.5613"
"AST017979","HIGH","0.5613"
"AST008402","HIGH","0.5612"
"AST011770","HIGH","0.5611"
"AST005704","HIGH","0.561"
"AST038610","HIGH","0.561"
"AST034951","HIGH","0.561"
"AST039067","HIGH","0.5609"
"AST037970","HIGH","0.5608"
"AST010539","HIGH","0.5608"
"AST037063","HIGH","0.5608"
"AST012669","HIGH","0.5608"
"AST008458","HIGH","0.5608"
"AST008252","HIGH","0.5607"
"AST003987","HIGH","0.5607"
"AST024456","HIGH","0.5607"
"AST033566","HIGH","0.5607"
"AST019840","HIGH","0.5607"
"AST023596","HIGH","0.5606"
"AST017611","HIGH","0.5606"
"AST007582","HIGH","0.5606"
"AST012757","HIGH","0.5606"
"AST015935","HIGH","0.5605"
"AST021242","HIGH","0.5605"
"AST038730","HIGH","0.5604"
"AST028119","HIGH","0.5604"
"AST039826","HIGH","0.5604"
"AST041166","HIGH","0.5604"
"AST037034","HIGH","0.5603"
"AST019633","HIGH","0.5603"
"AST032138","HIGH","0.5603"
"AST038651","HIGH","0.5603"
"AST031328","HIGH","0.5603"
"AST034300","HIGH","0.5602"
"AST007917","HIGH","0.5602"
"AST025711","HIGH","0.5602"
"AST034218","HIGH","0.5602"
"AST029485","HIGH","0.5602"
"AST015017","HIGH","0.5602"
"AST012177","HIGH","0.5601"
"AST011606","HIGH","0.5601"
"AST034290","HIGH","0.56"
"AST024949","HIGH","0.56"
"AST021774","HIGH","0.5599"
"AST037786","HIGH","0.5599"
"AST025728","HIGH","0.5599"
"AST008863","HIGH","0.5599"
"AST008984","HIGH","0.5598"
"AST024904","HIGH","0.5597"
"AST020797","HIGH","0.5597"
"AST021694","HIGH","0.5597"
"AST012764","HIGH","0.5596"
"AST010433","HIGH","0.5596"
"AST039713","HIGH","0.5596"
"AST033300","HIGH","0.5596"
"AST024808","HIGH","0.5595"
"AST030293","HIGH","0.5595"
"AST039935","HIGH","0.5595"
"AST018269","HIGH","0.5595"
"AST032516","HIGH","0.5595"
"AST039261","HIGH","0.5595"
"AST039033","HIGH","0.5594"
"AST028888","HIGH","0.5594"
"AST013187","HIGH","0.5593"
"AST030169","HIGH","0.5593"
"AST021056","HIGH","0.5593"
"AST025026","HIGH","0.5593"
"AST027691","HIGH","0.5593"
"AST026724","HIGH","0.5592"
"AST017633","HIGH","0.5592"
"AST025793","HIGH","0.5592"
"AST026707","HIGH","0.5592"
"AST003331","HIGH","0.5592"
"AST029284","HIGH","0.5591"
"AST020793","HIGH","0.5591"
"AST041326","HIGH","0.5591"
"AST001442","HIGH","0.5591"
"AST001613","HIGH","0.559"
"AST014097","HIGH","0.559"
"AST037608","HIGH","0.559"
"AST004372","HIGH","0.559"
"AST010326","HIGH","0.5589"
"AST026869","HIGH","0.5589"
"AST025636","HIGH","0.5589"
"AST029777","HIGH","0.5589"
"AST012577","HIGH","0.5589"
"AST009570","HIGH","0.5589"
"AST021192","HIGH","0.5589"
"AST009064","HIGH","0.5588"
"AST005011","HIGH","0.5588"
"AST022156","HIGH","0.5588"
"AST000571","HIGH","0.5588"
"AST029934","HIGH","0.5587"
"AST011356","HIGH","0.5587"
"AST002653","HIGH","0.5587"
"AST016918","HIGH","0.5586"
"AST001767","HIGH","0.5586"
"AST012012","HIGH","0.5585"
"AST000124","HIGH","0.5585"
"AST025722","HIGH","0.5585"
"AST015786","HIGH","0.5584"
"AST021941","HIGH","0.5584"
"AST019977","HIGH","0.5584"
"AST018049","HIGH","0.5584"
"AST006515","HIGH","0.5584"
"AST033976","HIGH","0.5584"
"AST018545","HIGH","0.5584"
"AST039789","HIGH","0.5583"
"AST026593","HIGH","0.5583"
"AST039790","HIGH","0.5583"
"AST020210","HIGH","0.5582"
"AST037748","HIGH","0.5581"
"AST038756","HIGH","0.5581"
"AST040686","HIGH","0.5581"
"AST017918","HIGH","0.5581"
"AST001825","HIGH","0.5581"
"AST027495","HIGH","0.558"
"AST020132","HIGH","0.558"
"AST021974","HIGH","0.5579"
"AST029025","HIGH","0.5578"
"AST010655","HIGH","0.5578"
"AST018834","HIGH","0.5578"
"AST000781","HIGH","0.5578"
"AST037857","HIGH","0.5578"
"AST019726","HIGH","0.5576"
"AST026589","HIGH","0.5576"
"AST041175","HIGH","0.5576"
"AST014270","HIGH","0.5575"
"AST021104","HIGH","0.5575"
"AST007798","HIGH","0.5575"
"AST013090","HIGH","0.5575"
"AST014357","HIGH","0.5575"
"AST008397","HIGH","0.5574"
"AST004476","HIGH","0.5574"
"AST032007","HIGH","0.5574"
"AST028231","HIGH","0.5573"
"AST016536","HIGH","0.5573"
"AST024122","HIGH","0.5572"
"AST023749","HIGH","0.5572"
"AST031904","HIGH","0.5572"
"AST012404","HIGH","0.5572"
"AST038664","HIGH","0.5572"
"AST021817","HIGH","0.5572"
"AST009497","HIGH","0.5572"
"AST004070","HIGH","0.5572"
"AST002728","HIGH","0.5572"
"AST040696","HIGH","0.5571"
"AST016238","HIGH","0.5571"
"AST000445","HIGH","0.5571"
"AST003574","HIGH","0.5571"
"AST035182","HIGH","0.557"
"AST036736","HIGH","0.557"
"AST019475","HIGH","0.5569"
"AST034786","HIGH","0.5569"
"AST017799","HIGH","0.5569"
"AST014831","HIGH","0.5569"
"AST017491","HIGH","0.5569"
"AST012402","HIGH","0.5569"
"AST000809","HIGH","0.5569"
"AST007006","HIGH","0.5569"
"AST027046","HIGH","0.5568"
"AST019838","HIGH","0.5568"
"AST023526","HIGH","0.5568"
"AST037538","HIGH","0.5567"
"AST006882","HIGH","0.5566"
"AST025723","HIGH","0.5566"
"AST022855","HIGH","0.5566"
"AST020168","HIGH","0.5565"
"AST033586","HIGH","0.5565"
"AST002392","HIGH","0.5565"
"AST005888","HIGH","0.5565"
"AST024724","HIGH","0.5565"
"AST010092","HIGH","0.5565"
"AST024689","HIGH","0.5565"
"AST036268","HIGH","0.5565"
"AST005116","HIGH","0.5564"
"AST029515","HIGH","0.5564"
"AST016800","HIGH","0.5564"
"AST000530","HIGH","0.5564"
"AST010361","HIGH","0.5562"
"AST011349","HIGH","0.5562"
"AST003726","HIGH","0.5562"
"AST031394","HIGH","0.5561"
"AST006927","HIGH","0.5561"
"AST019601","HIGH","0.5561"
"AST002585","HIGH","0.5561"
"AST028803","HIGH","0.5561"
"AST015741","HIGH","0.5561"
"AST001883","HIGH","0.5561"
"AST025446","HIGH","0.556"
"AST028815","HIGH","0.556"
"AST003753","HIGH","0.556"
"AST017136","HIGH","0.5559"
"AST039998","HIGH","0.5559"
"AST038683","HIGH","0.5559"
"AST040959","HIGH","0.5559"
"AST027681","HIGH","0.5558"
"AST009057","HIGH","0.5558"
"AST019742","HIGH","0.5558"
"AST024175","HIGH","0.5558"
"AST025211","HIGH","0.5558"
"AST036800","HIGH","0.5557"
"AST030697","HIGH","0.5557"
"AST028827","HIGH","0.5557"
"AST028566","HIGH","0.5557"
"AST026301","HIGH","0.5557"
"AST033342","HIGH","0.5557"
"AST017137","HIGH","0.5557"
"AST001085","HIGH","0.5556"
"AST011883","HIGH","0.5556"
"AST033028","HIGH","0.5556"
"AST036772","HIGH","0.5556"
"AST035087","HIGH","0.5556"
"AST010114","HIGH","0.5556"
"AST038106","HIGH","0.5555"
"AST016858","HIGH","0.5555"
"AST003511","HIGH","0.5555"
"AST003163","HIGH","0.5555"
"AST035097","HIGH","0.5555"
"AST022956","HIGH","0.5554"
"AST031139","HIGH","0.5554"
"AST021016","HIGH","0.5554"
"AST025350","HIGH","0.5554"
"AST028466","HIGH","0.5554"
"AST024912","HIGH","0.5554"
"AST017953","HIGH","0.5553"
"AST025650","HIGH","0.5553"
"AST012139","HIGH","0.5553"
"AST022456","HIGH","0.5553"
"AST039138","HIGH","0.5553"
"AST025641","HIGH","0.5553"
"AST030603","HIGH","0.5553"
"AST037385","HIGH","0.5552"
"AST029676","HIGH","0.5551"
"AST011326","HIGH","0.5551"
"AST011054","HIGH","0.5551"
"AST006115","HIGH","0.555"
"AST025573","HIGH","0.555"
"AST009553","HIGH","0.555"
"AST013483","HIGH","0.555"
"AST008640","HIGH","0.555"
"AST021582","HIGH","0.5548"
"AST022290","HIGH","0.5548"
"AST008151","HIGH","0.5547"
"AST016787","HIGH","0.5547"
"AST039420","HIGH","0.5547"
"AST009338","HIGH","0.5547"
"AST001324","HIGH","0.5547"
"AST028402","HIGH","0.5547"
"AST017708","HIGH","0.5547"
"AST021073","HIGH","0.5546"
"AST034221","HIGH","0.5546"
"AST040082","HIGH","0.5546"
"AST028913","HIGH","0.5546"
"AST037984","HIGH","0.5546"
"AST024052","HIGH","0.5545"
"AST029153","HIGH","0.5545"
"AST029953","HIGH","0.5545"
"AST016648","HIGH","0.5544"
"AST003914","HIGH","0.5544"
"AST002836","HIGH","0.5544"
"AST008463","HIGH","0.5543"
"AST019375","HIGH","0.5543"
"AST024962","HIGH","0.5543"
"AST000127","HIGH","0.5543"
"AST000636","HIGH","0.5543"
"AST010892","HIGH","0.5543"
"AST028954","HIGH","0.5542"
"AST036389","HIGH","0.5542"
"AST010426","HIGH","0.5542"
"AST040645","HIGH","0.5542"
"AST028426","HIGH","0.5542"
"AST000729","HIGH","0.5542"
"AST026289","HIGH","0.5541"
"AST028490","HIGH","0.5541"
"AST039406","HIGH","0.554"
"AST005909","HIGH","0.554"
"AST012429","HIGH","0.554"
"AST013213","HIGH","0.5539"
"AST007676","HIGH","0.5539"
"AST015932","HIGH","0.5539"
"AST029663","HIGH","0.5539"
"AST027780","HIGH","0.5539"
"AST025401","HIGH","0.5539"
"AST029656","HIGH","0.5539"
"AST031667","HIGH","0.5539"
"AST012367","HIGH","0.5538"
"AST004600","HIGH","0.5538"
"AST012508","HIGH","0.5538"
"AST002309","HIGH","0.5538"
"AST036609","HIGH","0.5538"
"AST020932","HIGH","0.5537"
"AST013381","HIGH","0.5537"
"AST004902","HIGH","0.5537"
"AST005741","HIGH","0.5537"
"AST014704","HIGH","0.5537"
"AST009332","HIGH","0.5536"
"AST018961","HIGH","0.5536"
"AST025150","HIGH","0.5536"
"AST005628","HIGH","0.5536"
"AST010651","HIGH","0.5536"
"AST024581","HIGH","0.5535"
"AST009642","HIGH","0.5535"
"AST008022","HIGH","0.5535"
"AST025064","HIGH","0.5535"
"AST018020","HIGH","0.5535"
"AST015805","HIGH","0.5535"
"AST027946","HIGH","0.5535"
"AST021210","HIGH","0.5534"
"AST031913","HIGH","0.5534"
"AST002055","HIGH","0.5534"
"AST024737","HIGH","0.5534"
"AST012236","HIGH","0.5534"
"AST026940","HIGH","0.5534"
"AST009427","HIGH","0.5533"
"AST031953","HIGH","0.5533"
"AST012031","HIGH","0.5533"
"AST040439","HIGH","0.5533"
"AST034746","HIGH","0.5533"
"AST017834","HIGH","0.5533"
"AST034603","HIGH","0.5532"
"AST035116","HIGH","0.5532"
"AST026011","HIGH","0.5532"
"AST025916","HIGH","0.5531"
"AST009968","HIGH","0.5531"
"AST023984","HIGH","0.5531"
"AST035851","HIGH","0.5531"
"AST000578","HIGH","0.553"
"AST016221","HIGH","0.553"
"AST029789","HIGH","0.553"
"AST034529","HIGH","0.553"
"AST023681","HIGH","0.553"
"AST032851","HIGH","0.553"
"AST039306","HIGH","0.553"
"AST021014","HIGH","0.5529"
"AST014730","HIGH","0.5529"
"AST031391","HIGH","0.5529"
"AST018440","HIGH","0.5529"
"AST014008","HIGH","0.5529"
"AST002278","HIGH","0.5528"
"AST039335","HIGH","0.5528"
"AST040822","HIGH","0.5528"
"AST012828","HIGH","0.5528"
"AST011074","HIGH","0.5528"
"AST035751","HIGH","0.5528"
"AST038071","HIGH","0.5528"
"AST024673","HIGH","0.5527"
"AST007455","HIGH","0.5526"
"AST040426","HIGH","0.5526"
"AST000711","HIGH","0.5526"
"AST010633","HIGH","0.5526"
"AST025055","HIGH","0.5526"
"AST004593","HIGH","0.5525"
"AST000475","HIGH","0.5524"
"AST002191","HIGH","0.5524"
"AST004973","HIGH","0.5524"
"AST041252","HIGH","0.5524"
"AST031692","HIGH","0.5524"
"AST014937","HIGH","0.5524"
"AST014427","HIGH","0.5524"
"AST002788","HIGH","0.5524"
"AST002759","HIGH","0.5524"
"AST000197","HIGH","0.5523"
"AST021512","HIGH","0.5523"
"AST025945","HIGH","0.5523"
"AST023167","HIGH","0.5523"
"AST016495","HIGH","0.5522"
"AST025154","HIGH","0.5522"
"AST040169","HIGH","0.5522"
"AST020818","HIGH","0.5522"
"AST036557","HIGH","0.5522"
"AST011374","HIGH","0.5522"
"AST037244","HIGH","0.5522"
"AST024726","HIGH","0.5522"
"AST019241","HIGH","0.5522"
"AST003695","HIGH","0.5521"
"AST019941","HIGH","0.5521"
"AST026281","HIGH","0.5521"
"AST033248","HIGH","0.552"
"AST026742","HIGH","0.552"
"AST038584","HIGH","0.552"
"AST040937","HIGH","0.552"
"AST027001","HIGH","0.552"
"AST016614","HIGH","0.5519"
"AST014187","HIGH","0.5519"
"AST031106","HIGH","0.5519"
"AST007763","HIGH","0.5519"
"AST018207","HIGH","0.5519"
"AST022163","HIGH","0.5518"
"AST029409","HIGH","0.5518"
"AST005197","HIGH","0.5518"
"AST037303","HIGH","0.5518"
"AST007748","HIGH","0.5517"
"AST019627","HIGH","0.5517"
"AST021040","HIGH","0.5517"
"AST013257","HIGH","0.5517"
"AST019395","HIGH","0.5516"
"AST027187","HIGH","0.5516"
"AST021035","HIGH","0.5515"
"AST037258","HIGH","0.5515"
"AST015275","HIGH","0.5515"
"AST030706","HIGH","0.5515"
"AST021241","HIGH","0.5514"
"AST011769","HIGH","0.5514"
"AST029254","HIGH","0.5514"
"AST030754","HIGH","0.5514"
"AST010827","HIGH","0.5514"
"AST021360","HIGH","0.5513"
"AST037138","HIGH","0.5513"
"AST005299","HIGH","0.5512"
"AST001524","HIGH","0.5512"
"AST032068","HIGH","0.5512"
"AST014286","HIGH","0.5512"
"AST027014","HIGH","0.5512"
"AST007680","HIGH","0.5512"
"AST029194","HIGH","0.5512"
"AST009479","HIGH","0.5511"
"AST015824","HIGH","0.5511"
"AST028848","HIGH","0.5511"
"AST015669","HIGH","0.5511"
"AST012878","HIGH","0.5511"
"AST017859","HIGH","0.551"
"AST007747","HIGH","0.551"
"AST029402","HIGH","0.551"
"AST018327","HIGH","0.551"
"AST023660","HIGH","0.5509"
"AST008767","HIGH","0.5509"
"AST008480","HIGH","0.5509"
"AST003251","HIGH","0.5508"
"AST032059","HIGH","0.5508"
"AST035433","HIGH","0.5508"
"AST006228","HIGH","0.5507"
"AST010652","HIGH","0.5507"
"AST039946","HIGH","0.5507"
"AST014715","HIGH","0.5506"
"AST009905","HIGH","0.5506"
"AST032483","HIGH","0.5506"
"AST023891","HIGH","0.5505"
"AST027460","HIGH","0.5505"
"AST036348","HIGH","0.5505"
"AST005419","HIGH","0.5505"
"AST011630","HIGH","0.5504"
"AST005132","HIGH","0.5504"
"AST001287","HIGH","0.5504"
"AST029261","HIGH","0.5504"
"AST003012","HIGH","0.5504"
"AST018055","HIGH","0.5504"
"AST030731","HIGH","0.5503"
"AST006577","HIGH","0.5503"
"AST006370","HIGH","0.5502"
"AST014449","HIGH","0.5502"
"AST040138","HIGH","0.5502"
"AST027627","HIGH","0.5502"
"AST026978","HIGH","0.5502"
"AST026475","HIGH","0.5502"
"AST035672","HIGH","0.5501"
"AST002783","HIGH","0.5501"
"AST007410","HIGH","0.5501"
"AST029155","HIGH","0.55"
"AST000497","HIGH","0.55"
"AST002337","HIGH","0.55"
"AST040705","HIGH","0.5499"
"AST026464","HIGH","0.5499"
"AST022499","HIGH","0.5499"
"AST022626","HIGH","0.5499"
"AST020350","HIGH","0.5498"
"AST006649","HIGH","0.5498"
"AST007352","HIGH","0.5498"
"AST011146","HIGH","0.5498"
"AST025621","HIGH","0.5497"
"AST026030","HIGH","0.5497"
"AST004472","HIGH","0.5497"
"AST001550","HIGH","0.5496"
"AST020856","HIGH","0.5496"
"AST020813","HIGH","0.5495"
"AST002274","HIGH","0.5495"
"AST027175","HIGH","0.5495"
"AST024094","HIGH","0.5494"
"AST002602","HIGH","0.5494"
"AST023158","HIGH","0.5494"
"AST003734","HIGH","0.5494"
"AST017768","HIGH","0.5494"
"AST027816","HIGH","0.5493"
"AST029945","HIGH","0.5493"
"AST011198","HIGH","0.5493"
"AST009605","HIGH","0.5493"
"AST035449","HIGH","0.5493"
"AST030533","HIGH","0.5493"
"AST040444","HIGH","0.5492"
"AST037879","HIGH","0.5492"
"AST011366","HIGH","0.5492"
"AST034170","HIGH","0.5492"
"AST014211","HIGH","0.5492"
"AST024344","HIGH","0.5492"
"AST013675","HIGH","0.5491"
"AST029272","HIGH","0.5491"
"AST005878","HIGH","0.549"
"AST041186","HIGH","0.549"
"AST002492","HIGH","0.549"
"AST009825","HIGH","0.549"
"AST019789","HIGH","0.549"
"AST004793","HIGH","0.549"
"AST014125","HIGH","0.549"
"AST026647","HIGH","0.5489"
"AST019148","HIGH","0.5488"
"AST021043","HIGH","0.5488"
"AST010552","HIGH","0.5488"
"AST034873","HIGH","0.5488"
"AST001568","HIGH","0.5487"
"AST035774","HIGH","0.5487"
"AST033423","HIGH","0.5487"
"AST026267","HIGH","0.5487"
"AST020222","HIGH","0.5487"
"AST025385","HIGH","0.5487"
"AST009049","HIGH","0.5487"
"AST019903","HIGH","0.5486"
"AST001898","HIGH","0.5486"
"AST019460","HIGH","0.5486"
"AST016553","HIGH","0.5486"
"AST007171","HIGH","0.5486"
"AST020446","HIGH","0.5486"
"AST009902","HIGH","0.5485"
"AST009281","HIGH","0.5485"
"AST007504","HIGH","0.5484"
"AST037631","HIGH","0.5484"
"AST000660","HIGH","0.5484"
"AST011424","HIGH","0.5483"
"AST029756","HIGH","0.5483"
"AST040656","HIGH","0.5483"
"AST014772","HIGH","0.5483"
"AST018562","HIGH","0.5483"
"AST010125","HIGH","0.5483"
"AST031312","HIGH","0.5483"
"AST029167","HIGH","0.5483"
"AST017315","HIGH","0.5482"
"AST029274","HIGH","0.5482"
"AST005493","HIGH","0.5482"
"AST008046","HIGH","0.5481"
"AST030762","HIGH","0.5481"
"AST030946","HIGH","0.548"
"AST011135","HIGH","0.548"
"AST013558","HIGH","0.548"
"AST021977","HIGH","0.5479"
"AST029239","HIGH","0.5479"
"AST035305","HIGH","0.5479"
"AST023893","HIGH","0.5479"
"AST017301","HIGH","0.5479"
"AST015115","HIGH","0.5478"
"AST037569","HIGH","0.5478"
"AST016075","HIGH","0.5478"
"AST030914","HIGH","0.5478"
"AST039535","HIGH","0.5478"
"AST006889","HIGH","0.5478"
"AST018865","HIGH","0.5478"
"AST028254","HIGH","0.5477"
"AST021111","HIGH","0.5476"
"AST009454","HIGH","0.5476"
"AST021497","HIGH","0.5476"
"AST019427","HIGH","0.5476"
"AST036950","HIGH","0.5476"
"AST020546","HIGH","0.5475"
"AST000769","HIGH","0.5475"
"AST008057","HIGH","0.5475"
"AST031872","HIGH","0.5475"
"AST037415","HIGH","0.5475"
"AST017701","HIGH","0.5474"
"AST016020","HIGH","0.5474"
"AST017422","HIGH","0.5474"
"AST017944","HIGH","0.5474"
"AST032927","HIGH","0.5474"
"AST017615","HIGH","0.5473"
"AST031229","HIGH","0.5473"
"AST020267","HIGH","0.5473"
"AST018723","HIGH","0.5472"
"AST027360","HIGH","0.5472"
"AST027207","HIGH","0.5472"
"AST019697","HIGH","0.5472"
"AST017231","HIGH","0.5472"
"AST006564","HIGH","0.5472"
"AST016635","HIGH","0.5472"
"AST001315","HIGH","0.5472"
"AST013415","HIGH","0.5472"
"AST000313","HIGH","0.5472"
"AST022186","HIGH","0.5472"
"AST033084","HIGH","0.5472"
"AST007604","HIGH","0.5471"
"AST016637","HIGH","0.5471"
"AST010866","HIGH","0.5471"
"AST002572","HIGH","0.5471"
"AST003526","HIGH","0.5471"
"AST026046","HIGH","0.5471"
"AST040706","HIGH","0.5471"
"AST031434","HIGH","0.5471"
"AST024152","HIGH","0.547"
"AST011236","HIGH","0.547"
"AST024051","HIGH","0.547"
"AST034261","HIGH","0.5469"
"AST038617","HIGH","0.5469"
"AST030029","HIGH","0.5469"
"AST038017","HIGH","0.5468"
"AST019393","HIGH","0.5468"
"AST041133","HIGH","0.5468"
"AST004744","HIGH","0.5468"
"AST018156","HIGH","0.5468"
"AST013897","HIGH","0.5468"
"AST026853","HIGH","0.5468"
"AST034077","HIGH","0.5468"
"AST024693","HIGH","0.5467"
"AST013007","HIGH","0.5467"
"AST023676","HIGH","0.5467"
"AST022789","HIGH","0.5467"
"AST002689","HIGH","0.5466"
"AST026445","HIGH","0.5466"
"AST017393","HIGH","0.5466"
"AST019165","HIGH","0.5466"
"AST030869","HIGH","0.5465"
"AST021171","HIGH","0.5465"
"AST023590","HIGH","0.5465"
"AST020182","HIGH","0.5465"
"AST032057","HIGH","0.5465"
"AST029093","HIGH","0.5464"
"AST019962","HIGH","0.5464"
"AST020605","HIGH","0.5464"
"AST011533","HIGH","0.5463"
"AST020629","HIGH","0.5463"
"AST017830","HIGH","0.5463"
"AST000947","HIGH","0.5462"
"AST031117","HIGH","0.5462"
"AST011147","HIGH","0.5462"
"AST032848","HIGH","0.5462"
"AST024462","HIGH","0.5462"
"AST008003","HIGH","0.5462"
"AST007295","HIGH","0.5461"
"AST012319","HIGH","0.5461"
"AST007638","HIGH","0.5461"
"AST007211","HIGH","0.546"
"AST025366","HIGH","0.546"
"AST015552","HIGH","0.5459"
"AST020989","HIGH","0.5459"
"AST019112","HIGH","0.5459"
"AST034733","HIGH","0.5459"
"AST022732","HIGH","0.5458"
"AST023041","HIGH","0.5458"
"AST037711","HIGH","0.5458"
"AST022382","HIGH","0.5458"
"AST008623","HIGH","0.5457"
"AST039916","HIGH","0.5457"
"AST039701","HIGH","0.5457"
"AST015601","HIGH","0.5457"
"AST033853","HIGH","0.5457"
"AST038597","HIGH","0.5457"
"AST012452","HIGH","0.5457"
"AST032784","HIGH","0.5456"
"AST008047","HIGH","0.5456"
"AST029187","HIGH","0.5456"
"AST011795","HIGH","0.5455"
"AST036930","HIGH","0.5455"
"AST011722","HIGH","0.5455"
"AST007500","HIGH","0.5454"
"AST032898","HIGH","0.5454"
"AST016689","HIGH","0.5454"
"AST014018","HIGH","0.5454"
"AST031763","HIGH","0.5453"
"AST028432","HIGH","0.5453"
"AST002061","HIGH","0.5453"
"AST003701","HIGH","0.5453"
"AST029734","HIGH","0.5452"
"AST018449","HIGH","0.5452"
"AST031520","HIGH","0.5452"
"AST029696","HIGH","0.5452"
"AST021026","HIGH","0.5451"
"AST012495","HIGH","0.5451"
"AST035191","HIGH","0.5451"
"AST003376","HIGH","0.545"
"AST023572","HIGH","0.545"
"AST004835","HIGH","0.545"
"AST040275","HIGH","0.545"
"AST030611","HIGH","0.5449"
"AST029629","HIGH","0.5449"
"AST027667","HIGH","0.5449"
"AST003892","HIGH","0.5449"
"AST030852","HIGH","0.5448"
"AST012865","HIGH","0.5448"
"AST034737","HIGH","0.5448"
"AST017357","HIGH","0.5448"
"AST003758","HIGH","0.5448"
"AST010818","HIGH","0.5448"
"AST005517","HIGH","0.5448"
"AST021676","HIGH","0.5447"
"AST020417","HIGH","0.5447"
"AST028421","HIGH","0.5447"
"AST028663","HIGH","0.5446"
"AST033476","HIGH","0.5446"
"AST025122","HIGH","0.5446"
"AST021296","HIGH","0.5446"
"AST005384","HIGH","0.5446"
"AST032120","HIGH","0.5446"
"AST031446","HIGH","0.5445"
"AST038854","HIGH","0.5445"
"AST040488","HIGH","0.5445"
"AST019942","HIGH","0.5445"
"AST024125","HIGH","0.5445"
"AST003204","HIGH","0.5444"
"AST029890","HIGH","0.5444"
"AST030749","HIGH","0.5444"
"AST003030","HIGH","0.5444"
"AST022029","HIGH","0.5444"
"AST040535","HIGH","0.5444"
"AST009063","HIGH","0.5443"
"AST011503","HIGH","0.5443"
"AST032606","HIGH","0.5443"
"AST029706","HIGH","0.5443"
"AST039983","HIGH","0.5442"
"AST001485","HIGH","0.5442"
"AST017355","HIGH","0.5442"
"AST003265","HIGH","0.5442"
"AST040545","HIGH","0.5441"
"AST038051","HIGH","0.5441"
"AST037124","HIGH","0.5441"
"AST012347","HIGH","0.5441"
"AST010985","HIGH","0.5441"
"AST005635","HIGH","0.5441"
"AST020821","HIGH","0.544"
"AST000597","HIGH","0.5439"
"AST040707","HIGH","0.5438"
"AST035149","HIGH","0.5438"
"AST004250","HIGH","0.5438"
"AST004708","HIGH","0.5438"
"AST013161","HIGH","0.5438"
"AST025568","HIGH","0.5438"
"AST033254","HIGH","0.5438"
"AST004580","HIGH","0.5438"
"AST006666","HIGH","0.5438"
"AST022966","HIGH","0.5438"
"AST000337","HIGH","0.5438"
"AST019214","HIGH","0.5437"
"AST018952","HIGH","0.5437"
"AST039346","HIGH","0.5437"
"AST022353","HIGH","0.5436"
"AST017306","HIGH","0.5436"
"AST010717","HIGH","0.5436"
"AST004878","HIGH","0.5436"
"AST012810","HIGH","0.5436"
"AST028861","HIGH","0.5436"
"AST022929","HIGH","0.5436"
"AST000621","HIGH","0.5436"
"AST037427","HIGH","0.5435"
"AST004683","HIGH","0.5435"
"AST016457","HIGH","0.5435"
"AST018715","HIGH","0.5435"
"AST013216","HIGH","0.5435"
"AST040647","HIGH","0.5435"
"AST029951","HIGH","0.5435"
"AST030400","HIGH","0.5435"
"AST022490","HIGH","0.5434"
"AST010390","HIGH","0.5434"
"AST000263","HIGH","0.5433"
"AST031755","HIGH","0.5433"
"AST002633","HIGH","0.5433"
"AST014297","HIGH","0.5433"
"AST021574","HIGH","0.5432"
"AST031375","HIGH","0.5432"
"AST034647","HIGH","0.5432"
"AST035267","HIGH","0.5432"
"AST010320","HIGH","0.5432"
"AST015750","HIGH","0.5431"
"AST019384","HIGH","0.5431"
"AST019183","HIGH","0.543"
"AST032579","HIGH","0.543"
"AST033543","HIGH","0.543"
"AST007457","HIGH","0.5429"
"AST033886","HIGH","0.5429"
"AST027675","HIGH","0.5429"
"AST026050","HIGH","0.5429"
"AST001531","HIGH","0.5428"
"AST026834","HIGH","0.5428"
"AST035236","HIGH","0.5428"
"AST010087","HIGH","0.5428"
"AST015378","HIGH","0.5428"
"AST015674","HIGH","0.5428"
"AST026211","HIGH","0.5427"
"AST029924","HIGH","0.5427"
"AST040056","HIGH","0.5427"
"AST029528","HIGH","0.5427"
"AST010376","HIGH","0.5427"
"AST035581","HIGH","0.5427"
"AST023640","HIGH","0.5427"
"AST018007","HIGH","0.5426"
"AST001305","HIGH","0.5426"
"AST000451","HIGH","0.5426"
"AST017323","HIGH","0.5426"
"AST020814","HIGH","0.5426"
"AST019896","HIGH","0.5425"
"AST026060","HIGH","0.5425"
"AST040215","HIGH","0.5425"
"AST022615","HIGH","0.5425"
"AST002241","HIGH","0.5425"
"AST026604","HIGH","0.5425"
"AST014711","HIGH","0.5425"
"AST029480","HIGH","0.5424"
"AST004788","HIGH","0.5423"
"AST011680","HIGH","0.5422"
"AST017832","HIGH","0.5422"
"AST009391","HIGH","0.5422"
"AST012257","HIGH","0.5422"
"AST019677","HIGH","0.5421"
"AST020324","HIGH","0.5421"
"AST017019","HIGH","0.5421"
"AST026422","HIGH","0.542"
"AST001058","HIGH","0.542"
"AST037672","HIGH","0.5419"
"AST015045","HIGH","0.5419"
"AST011065","HIGH","0.5419"
"AST015755","HIGH","0.5419"
"AST032971","HIGH","0.5418"
"AST038317","HIGH","0.5418"
"AST000532","HIGH","0.5418"
"AST030039","HIGH","0.5418"
"AST031004","HIGH","0.5417"
"AST005718","HIGH","0.5417"
"AST005166","HIGH","0.5415"
"AST017784","HIGH","0.5415"
"AST004612","HIGH","0.5415"
"AST003130","HIGH","0.5415"
"AST026787","HIGH","0.5415"
"AST032970","HIGH","0.5414"
"AST015296","HIGH","0.5414"
"AST019674","HIGH","0.5413"
"AST016693","HIGH","0.5412"
"AST002000","HIGH","0.5412"
"AST011905","HIGH","0.5412"
"AST001795","HIGH","0.541"
"AST039490","HIGH","0.541"
"AST015938","HIGH","0.541"
"AST015898","HIGH","0.541"
"AST034354","HIGH","0.541"
"AST036834","HIGH","0.5409"
"AST039602","HIGH","0.5409"
"AST015664","HIGH","0.5409"
"AST028844","HIGH","0.5408"
"AST031408","HIGH","0.5408"
"AST028471","HIGH","0.5407"
"AST023613","HIGH","0.5407"
"AST030804","HIGH","0.5407"
"AST029749","HIGH","0.5407"
"AST009556","HIGH","0.5406"
"AST005067","HIGH","0.5406"
"AST027477","HIGH","0.5405"
"AST002089","HIGH","0.5405"
"AST000955","HIGH","0.5405"
"AST036285","HIGH","0.5405"
"AST036550","HIGH","0.5405"
"AST001221","HIGH","0.5404"
"AST037054","HIGH","0.5404"
"AST026626","HIGH","0.5404"
"AST028603","HIGH","0.5403"
"AST038364","HIGH","0.5402"
"AST029853","HIGH","0.5402"
"AST001456","HIGH","0.5402"
"AST007253","HIGH","0.5402"
"AST023688","HIGH","0.5401"
"AST005530","HIGH","0.5401"
"AST017676","HIGH","0.5401"
"AST010578","HIGH","0.54"
"AST036249","HIGH","0.54"
"AST034845","HIGH","0.5399"
"AST036906","HIGH","0.5399"
"AST029028","HIGH","0.5399"
"AST004388","HIGH","0.5399"
"AST041105","HIGH","0.5398"
"AST002425","HIGH","0.5398"
"AST013311","HIGH","0.5398"
"AST021410","HIGH","0.5398"
"AST033343","HIGH","0.5397"
"AST018708","HIGH","0.5396"
"AST032571","HIGH","0.5396"
"AST021472","HIGH","0.5395"
"AST001371","HIGH","0.5395"
"AST029961","HIGH","0.5395"
"AST027581","HIGH","0.5394"
"AST013390","HIGH","0.5394"
"AST013190","HIGH","0.5394"
"AST015789","HIGH","0.5394"
"AST029192","HIGH","0.5393"
"AST018953","HIGH","0.5393"
"AST033633","HIGH","0.5393"
"AST033573","HIGH","0.5393"
"AST011959","HIGH","0.5392"
"AST020416","HIGH","0.5392"
"AST027892","HIGH","0.5391"
"AST016702","HIGH","0.5391"
"AST036265","HIGH","0.539"
"AST007705","HIGH","0.539"
"AST028780","HIGH","0.539"
"AST002111","HIGH","0.539"
"AST035352","HIGH","0.5388"
"AST013027","HIGH","0.5388"
"AST002265","HIGH","0.5388"
"AST004071","HIGH","0.5388"
"AST036486","HIGH","0.5387"
"AST008918","HIGH","0.5387"
"AST030059","HIGH","0.5387"
"AST023772","HIGH","0.5387"
"AST026469","HIGH","0.5387"
"AST039468","HIGH","0.5387"
"AST003631","HIGH","0.5387"
"AST004247","HIGH","0.5386"
"AST000551","HIGH","0.5386"
"AST011110","HIGH","0.5386"
"AST014044","HIGH","0.5385"
"AST009096","HIGH","0.5385"
"AST025955","HIGH","0.5385"
"AST026815","HIGH","0.5385"
"AST028008","HIGH","0.5385"
"AST017216","HIGH","0.5385"
"AST000286","HIGH","0.5384"
"AST010884","HIGH","0.5383"
"AST009487","HIGH","0.5383"
"AST008829","HIGH","0.5383"
"AST014790","HIGH","0.5382"
"AST006493","HIGH","0.5382"
"AST030197","HIGH","0.5382"
"AST034767","HIGH","0.5382"
"AST015230","HIGH","0.5382"
"AST017490","HIGH","0.5381"
"AST034812","HIGH","0.5381"
"AST023914","HIGH","0.5381"
"AST025760","HIGH","0.538"
"AST038636","HIGH","0.5379"
"AST015919","HIGH","0.5378"
"AST028574","HIGH","0.5378"
"AST040677","HIGH","0.5376"
"AST006266","HIGH","0.5376"
"AST018852","HIGH","0.5375"
"AST024347","HIGH","0.5374"
"AST026947","HIGH","0.5373"
"AST039799","HIGH","0.5373"
"AST014795","HIGH","0.5373"
"AST006212","HIGH","0.5373"
"AST037627","HIGH","0.5372"
"AST033912","HIGH","0.5372"
"AST010897","HIGH","0.5371"
"AST029118","HIGH","0.5371"
"AST006381","HIGH","0.5369"
"AST036932","HIGH","0.5369"
"AST023945","HIGH","0.5369"
"AST025029","HIGH","0.5368"
"AST024018","HIGH","0.5368"
"AST014995","HIGH","0.5367"
"AST012332","HIGH","0.5366"
"AST031723","HIGH","0.5365"
"AST037790","HIGH","0.5365"
"AST035876","HIGH","0.5364"
"AST012678","HIGH","0.5363"
"AST022638","HIGH","0.5363"
"AST028496","HIGH","0.5363"
"AST025345","HIGH","0.5363"
"AST034485","HIGH","0.5363"
"AST007029","HIGH","0.5363"
"AST027564","HIGH","0.5363"
"AST022892","HIGH","0.5363"
"AST020463","HIGH","0.5362"
"AST018821","HIGH","0.5362"
"AST038117","HIGH","0.5362"
"AST017061","HIGH","0.5362"
"AST033149","HIGH","0.5361"
"AST003198","HIGH","0.5361"
"AST020963","HIGH","0.5361"
"AST002417","HIGH","0.5361"
"AST002939","HIGH","0.5361"
"AST023758","HIGH","0.536"
"AST003113","HIGH","0.536"
"AST022919","HIGH","0.5359"
"AST001797","HIGH","0.5359"
"AST036094","HIGH","0.5359"
"AST006008","HIGH","0.5359"
"AST041481","HIGH","0.5359"
"AST015034","HIGH","0.5359"
"AST031715","HIGH","0.5358"
"AST013594","HIGH","0.5358"
"AST011688","HIGH","0.5358"
"AST012707","HIGH","0.5357"
"AST005470","HIGH","0.5357"
"AST023461","HIGH","0.5357"
"AST031840","HIGH","0.5357"
"AST023325","HIGH","0.5357"
"AST013548","HIGH","0.5357"
"AST028293","HIGH","0.5356"
"AST001562","HIGH","0.5356"
"AST041236","HIGH","0.5356"
"AST034545","HIGH","0.5355"
"AST041097","HIGH","0.5355"
"AST004352","HIGH","0.5355"
"AST040714","HIGH","0.5355"
"AST000563","HIGH","0.5353"
"AST031114","HIGH","0.5353"
"AST029888","HIGH","0.5353"
"AST018288","HIGH","0.5353"
"AST033090","HIGH","0.5352"
"AST011353","HIGH","0.5352"
"AST008265","HIGH","0.5352"
"AST035441","HIGH","0.5352"
"AST027108","HIGH","0.5351"
"AST020030","HIGH","0.5351"
"AST022791","HIGH","0.5351"
"AST034864","HIGH","0.5351"
"AST019299","HIGH","0.535"
"AST006940","HIGH","0.535"
"AST021004","HIGH","0.535"
"AST028331","HIGH","0.5349"
"AST021966","HIGH","0.5349"
"AST016672","HIGH","0.5349"
"AST020325","HIGH","0.5349"
"AST034622","HIGH","0.5348"
"AST030134","HIGH","0.5347"
"AST015415","HIGH","0.5347"
"AST020634","HIGH","0.5346"
"AST018023","HIGH","0.5346"
"AST040048","HIGH","0.5345"
"AST024037","HIGH","0.5345"
"AST015085","HIGH","0.5345"
"AST009922","HIGH","0.5345"
"AST008193","HIGH","0.5345"
"AST026105","HIGH","0.5345"
"AST039737","HIGH","0.5345"
"AST022310","HIGH","0.5345"
"AST034023","HIGH","0.5345"
"AST006400","HIGH","0.5344"
"AST031516","HIGH","0.5344"
"AST025853","HIGH","0.5343"
"AST027214","HIGH","0.5343"
"AST008807","HIGH","0.5343"
"AST033450","HIGH","0.5343"
"AST034187","HIGH","0.5343"
"AST037782","HIGH","0.5342"
"AST018340","HIGH","0.5342"
"AST003144","HIGH","0.5341"
"AST016982","HIGH","0.5341"
"AST018828","HIGH","0.5339"
"AST029668","HIGH","0.5339"
"AST008909","HIGH","0.5339"
"AST012980","HIGH","0.5339"
"AST027695","HIGH","0.5339"
"AST027020","HIGH","0.5338"
"AST027517","HIGH","0.5337"
"AST039891","HIGH","0.5337"
"AST001412","HIGH","0.5336"
"AST010261","HIGH","0.5336"
"AST034000","HIGH","0.5336"
"AST012479","HIGH","0.5336"
"AST022185","HIGH","0.5336"
"AST032846","HIGH","0.5336"
"AST008571","HIGH","0.5334"
"AST006686","HIGH","0.5333"
"AST023776","HIGH","0.5333"
"AST039377","HIGH","0.5333"
"AST009933","HIGH","0.5333"
"AST002725","HIGH","0.5333"
"AST032820","HIGH","0.5332"
"AST000066","HIGH","0.5332"
"AST017845","HIGH","0.5332"
"AST011006","HIGH","0.5331"
"AST001030","HIGH","0.5331"
"AST001609","HIGH","0.5331"
"AST014883","HIGH","0.5331"
"AST003297","HIGH","0.5329"
"AST029608","HIGH","0.5329"
"AST004012","HIGH","0.5329"
"AST012788","HIGH","0.5328"
"AST030988","HIGH","0.5328"
"AST004483","HIGH","0.5328"
"AST024662","HIGH","0.5328"
"AST002641","HIGH","0.5327"
"AST005729","HIGH","0.5327"
"AST024447","HIGH","0.5327"
"AST000363","HIGH","0.5327"
"AST013414","HIGH","0.5327"
"AST031116","HIGH","0.5326"
"AST030503","HIGH","0.5326"
"AST015855","HIGH","0.5326"
"AST009739","HIGH","0.5326"
"AST017869","HIGH","0.5325"
"AST018824","HIGH","0.5325"
"AST017938","HIGH","0.5325"
"AST033780","HIGH","0.5324"
"AST008626","HIGH","0.5324"
"AST012857","HIGH","0.5324"
"AST029376","HIGH","0.5324"
"AST005364","HIGH","0.5323"
"AST016751","HIGH","0.5323"
"AST037443","HIGH","0.5323"
"AST016545","HIGH","0.5322"
"AST033703","HIGH","0.5322"
"AST019447","HIGH","0.5322"
"AST000347","HIGH","0.5322"
"AST009455","HIGH","0.5321"
"AST031802","HIGH","0.532"
"AST012467","HIGH","0.5319"
"AST014856","HIGH","0.5319"
"AST000936","HIGH","0.5319"
"AST040961","HIGH","0.5318"
"AST008692","HIGH","0.5317"
"AST004859","HIGH","0.5317"
"AST011853","HIGH","0.5316"
"AST029525","HIGH","0.5316"
"AST012566","HIGH","0.5316"
"AST011603","HIGH","0.5315"
"AST028850","HIGH","0.5315"
"AST006452","HIGH","0.5315"
"AST001040","HIGH","0.5314"
"AST004537","HIGH","0.5313"
"AST000561","HIGH","0.5313"
"AST019224","HIGH","0.5312"
"AST021392","HIGH","0.5312"
"AST008907","HIGH","0.5311"
"AST003618","HIGH","0.5311"
"AST011653","HIGH","0.5311"
"AST003316","HIGH","0.531"
"AST027594","HIGH","0.531"
"AST039059","HIGH","0.531"
"AST018934","HIGH","0.5309"
"AST010136","HIGH","0.5308"
"AST033746","HIGH","0.5308"
"AST016097","HIGH","0.5308"
"AST016161","HIGH","0.5307"
"AST014893","HIGH","0.5306"
"AST012118","HIGH","0.5306"
"AST007356","HIGH","0.5306"
"AST036558","HIGH","0.5306"
"AST013349","HIGH","0.5304"
"AST009602","HIGH","0.5304"
"AST021071","HIGH","0.5304"
"AST012969","HIGH","0.5303"
"AST000828","HIGH","0.5303"
"AST005641","HIGH","0.5303"
"AST032019","HIGH","0.5301"
"AST025813","HIGH","0.5301"
"AST018974","HIGH","0.5301"
"AST006164","HIGH","0.53"
"AST007139","HIGH","0.53"
"AST004680","HIGH","0.5298"
"AST009027","HIGH","0.5298"
"AST001180","HIGH","0.5297"
"AST018662","HIGH","0.5297"
"AST041087","HIGH","0.5296"
"AST007436","HIGH","0.5295"
"AST019844","HIGH","0.5294"
"AST026000","HIGH","0.5294"
"AST011543","HIGH","0.5294"
"AST017224","HIGH","0.5293"
"AST024956","HIGH","0.5293"
"AST036869","HIGH","0.5293"
"AST024133","HIGH","0.5292"
"AST040966","HIGH","0.5292"
"AST002213","HIGH","0.5291"
"AST024160","HIGH","0.5291"
"AST029795","HIGH","0.5291"
"AST026409","HIGH","0.529"
"AST018394","HIGH","0.5289"
"AST000387","HIGH","0.5289"
"AST037516","HIGH","0.5289"
"AST001272","HIGH","0.5289"
"AST035822","HIGH","0.5287"
"AST030726","HIGH","0.5287"
"AST005077","HIGH","0.5287"
"AST002877","HIGH","0.5287"
"AST006233","HIGH","0.5286"
"AST004056","HIGH","0.5285"
"AST035911","HIGH","0.5284"
"AST027378","HIGH","0.5284"
"AST033236","HIGH","0.5283"
"AST039711","HIGH","0.5283"
"AST024943","HIGH","0.5279"
"AST023475","HIGH","0.5279"
"AST021078","HIGH","0.5278"
"AST031193","HIGH","0.5278"
"AST010224","HIGH","0.5278"
"AST014708","HIGH","0.5277"
"AST008267","HIGH","0.5277"
"AST007671","HIGH","0.5276"
"AST017070","HIGH","0.5275"
"AST012478","HIGH","0.5275"
"AST012091","HIGH","0.5273"
"AST005259","HIGH","0.5273"
"AST040938","HIGH","0.5272"
"AST026679","HIGH","0.5271"
"AST032341","HIGH","0.527"
"AST031447","HIGH","0.5269"
"AST036192","HIGH","0.5268"
"AST037930","HIGH","0.5267"
"AST006417","HIGH","0.5267"
"AST000194","HIGH","0.5267"
"AST022317","HIGH","0.5265"
"AST020189","HIGH","0.5264"
"AST007373","HIGH","0.5263"
"AST034663","HIGH","0.5262"
"AST020645","HIGH","0.526"
"AST002081","HIGH","0.526"
"AST026157","HIGH","0.5255"
"AST035366","HIGH","0.5255"
"AST005951","HIGH","0.5254"
"AST003422","HIGH","0.5254"
"AST012635","HIGH","0.5253"
"AST007395","HIGH","0.5252"
"AST012340","HIGH","0.5251"
"AST038237","HIGH","0.5251"
"AST033887","HIGH","0.525"
"AST009775","HIGH","0.5248"
"AST034092","HIGH","0.5248"
"AST040879","HIGH","0.5248"
"AST006158","HIGH","0.5246"
"AST039337","HIGH","0.5243"
"AST039487","HIGH","0.5242"
"AST023547","HIGH","0.524"
"AST027527","HIGH","0.524"
"AST004855","HIGH","0.5238"
"AST016508","HIGH","0.5238"
"AST032741","HIGH","0.5236"
"AST040206","HIGH","0.5234"
"AST041531","HIGH","0.5234"
"AST039753","HIGH","0.5234"
"AST007378","HIGH","0.5232"
"AST039566","HIGH","0.5229"
"AST031336","HIGH","0.5227"
"AST035957","HIGH","0.5227"
"AST008056","HIGH","0.5227"
"AST011514","HIGH","0.5221"
"AST015443","HIGH","0.5218"
"AST006868","HIGH","0.5218"
"AST031216","HIGH","0.5216"
"AST038935","HIGH","0.5214"
"AST027310","HIGH","0.5212"
"AST013193","HIGH","0.5211"
"AST000756","HIGH","0.5205"
"AST022749","HIGH","0.5204"
"AST022131","HIGH","0.5204"
"AST013668","HIGH","0.5202"
"AST033289","HIGH","0.5202"
"AST018750","HIGH","0.5201"
"AST019551","HIGH","0.5201"
"AST009590","HIGH","0.5195"
"AST000650","HIGH","0.5193"
"AST029056","HIGH","0.5191"
"AST020828","HIGH","0.5189"
"AST037477","HIGH","0.5189"
"AST027443","HIGH","0.5184"
"AST017862","HIGH","0.5182"
"AST011558","HIGH","0.518"
"AST009272","HIGH","0.5178"
"AST018083","HIGH","0.5177"
"AST023330","HIGH","0.5176"
"AST002122","HIGH","0.5175"
"AST010398","HIGH","0.5171"
"AST001473","HIGH","0.5169"
"AST021602","HIGH","0.5158"
"AST025605","HIGH","0.5146"
"AST041484","HIGH","0.5145"
"AST022196","HIGH","0.5142"
"AST038688","HIGH","0.5138"
"AST027405","HIGH","0.5137"
"AST009205","HIGH","0.5135"
"AST011908","HIGH","0.5131"
"AST033747","HIGH","0.5131"
"AST012844","HIGH","0.5125"
"AST003216","HIGH","0.5122"
"AST010943","HIGH","0.5122"
"AST001303","HIGH","0.512"
"AST031593","HIGH","0.5116"
"AST034902","HIGH","0.5116"
"AST039021","HIGH","0.5115"
"AST008703","HIGH","0.5105"
"AST008998","HIGH","0.5103"
"AST021384","HIGH","0.5099"
"AST002493","HIGH","0.5098"
"AST018939","HIGH","0.5097"
"AST029351","HIGH","0.5097"
"AST025930","HIGH","0.5096"
"AST009004","HIGH","0.5093"
"AST011505","HIGH","0.5089"
"AST002222","HIGH","0.5088"
"AST007850","HIGH","0.5083"
"AST039473","HIGH","0.5079"
"AST037137","HIGH","0.5074"
"AST022895","HIGH","0.5064"
"AST027604","HIGH","0.5063"
"AST013551","HIGH","0.5058"
"AST012645","HIGH","0.5057"
"AST020205","HIGH","0.5052"
"AST019533","HIGH","0.5041"
"AST023743","HIGH","0.5041"
"AST031869","HIGH","0.504"
"AST022021","HIGH","0.5037"
"AST011416","HIGH","0.5034"
"AST037720","HIGH","0.503"
"AST024269","HIGH","0.5026"
"AST011865","HIGH","0.5021"
"AST001284","HIGH","0.5021"
"AST016664","HIGH","0.5015"
"AST015005","HIGH","0.5015"
"AST027880","HIGH","0.5015"
"AST016139","HIGH","0.5015"
"AST033829","HIGH","0.5012"
"AST004210","HIGH","0.5007"
"AST022468","HIGH","0.5007"
"AST024292","HIGH","0.4997"
"AST005672","HIGH","0.4992"
"AST013681","HIGH","0.4987"
"AST014865","HIGH","0.4984"
"AST010911","HIGH","0.498"
"AST028696","HIGH","0.4977"
"AST028691","HIGH","0.4972"
"AST036484","HIGH","0.4972"
"AST011671","HIGH","0.497"
"AST030637","HIGH","0.4964"
"AST033156","HIGH","0.4957"
"AST036765","HIGH","0.4957"
"AST025379","HIGH","0.4954"
"AST013711","HIGH","0.4952"
"AST011368","HIGH","0.495"
"AST012895","HIGH","0.4949"
"AST030240","HIGH","0.4941"
"AST015165","HIGH","0.4934"
"AST004114","HIGH","0.4926"
"AST034349","HIGH","0.4926"
"AST010253","HIGH","0.4918"
"AST033119","HIGH","0.4915"
"AST031776","HIGH","0.4906"
"AST019531","HIGH","0.4906"
"AST018240","HIGH","0.4896"
"AST004765","HIGH","0.4892"
"AST006159","HIGH","0.4891"
"AST010206","HIGH","0.489"
"AST033129","HIGH","0.4881"
"AST040253","HIGH","0.4878"
"AST036999","HIGH","0.4874"
"AST033859","HIGH","0.4873"
"AST016411","HIGH","0.4872"
"AST002063","HIGH","0.4869"
"AST002378","HIGH","0.4867"
"AST022255","HIGH","0.4855"
"AST018428","HIGH","0.4854"
"AST021580","HIGH","0.4853"
"AST026479","HIGH","0.485"
"AST034459","HIGH","0.4849"
"AST010441","HIGH","0.4844"
"AST016539","HIGH","0.484"
"AST019542","HIGH","0.4839"
"AST005115","HIGH","0.4838"
"AST003241","HIGH","0.4832"
"AST006540","HIGH","0.4829"
"AST000810","HIGH","0.4828"
"AST012422","HIGH","0.4825"
"AST030768","HIGH","0.4825"
"AST035683","HIGH","0.4824"
"AST000815","HIGH","0.4822"
"AST011057","HIGH","0.4819"
"AST023373","HIGH","0.4816"
"AST033414","HIGH","0.4816"
"AST009878","HIGH","0.4815"
"AST003678","HIGH","0.4815"
"AST032336","HIGH","0.4811"
"AST016438","HIGH","0.4805"
"AST016897","HIGH","0.4804"
"AST025975","HIGH","0.4804"
"AST015109","HIGH","0.4799"
"AST001546","HIGH","0.4798"
"AST027951","HIGH","0.4797"
"AST003544","HIGH","0.4796"
"AST028306","HIGH","0.4796"
"AST026272","HIGH","0.4792"
"AST032015","HIGH","0.4791"
"AST038607","HIGH","0.479"
"AST012396","HIGH","0.479"
"AST033734","HIGH","0.479"
"AST034342","HIGH","0.4789"
"AST030879","HIGH","0.4788"
"AST012724","HIGH","0.4788"
"AST019171","HIGH","0.4787"
"AST007132","HIGH","0.4787"
"AST030239","HIGH","0.4786"
"AST011463","HIGH","0.4786"
"AST001772","HIGH","0.4782"
"AST032352","HIGH","0.4778"
"AST031311","HIGH","0.4777"
"AST029271","HIGH","0.4776"
"AST000031","HIGH","0.4775"
"AST025151","HIGH","0.4774"
"AST030367","HIGH","0.4773"
"AST036332","HIGH","0.4772"
"AST036239","HIGH","0.4771"
"AST015490","HIGH","0.4771"
"AST033000","HIGH","0.4767"
"AST029393","HIGH","0.4762"
"AST032715","HIGH","0.4762"
"AST024678","HIGH","0.476"
"AST025040","HIGH","0.476"
"AST010117","HIGH","0.476"
"AST029046","HIGH","0.476"
"AST002679","HIGH","0.4759"
"AST033162","HIGH","0.4756"
"AST008108","HIGH","0.4755"
"AST027320","HIGH","0.4755"
"AST031207","HIGH","0.4754"
"AST017725","HIGH","0.4753"
"AST006163","HIGH","0.4753"
"AST000179","HIGH","0.4749"
"AST032836","HIGH","0.4748"
"AST013454","HIGH","0.4748"
"AST023238","HIGH","0.4748"
"AST021772","HIGH","0.4746"
"AST003577","HIGH","0.4746"
"AST030747","HIGH","0.4745"
"AST021835","HIGH","0.4742"
"AST040588","HIGH","0.4739"
"AST008023","HIGH","0.4738"
"AST019615","HIGH","0.4737"
"AST028055","HIGH","0.4736"
"AST000414","HIGH","0.4735"
"AST022541","HIGH","0.4733"
"AST035440","HIGH","0.4732"
"AST025948","HIGH","0.4732"
"AST021406","HIGH","0.4732"
"AST014821","HIGH","0.4732"
"AST023183","HIGH","0.4729"
"AST036294","HIGH","0.4728"
"AST010237","HIGH","0.4727"
"AST004129","HIGH","0.4726"
"AST022148","HIGH","0.4725"
"AST022787","HIGH","0.4724"
"AST020922","HIGH","0.4723"
"AST037350","HIGH","0.4723"
"AST017711","HIGH","0.4722"
"AST001033","HIGH","0.4721"
"AST039956","HIGH","0.472"
"AST036483","HIGH","0.4719"
"AST010083","HIGH","0.4718"
"AST025142","HIGH","0.4718"
"AST028348","HIGH","0.4716"
"AST030919","HIGH","0.4716"
"AST038780","HIGH","0.4716"
"AST024247","HIGH","0.4715"
"AST026702","HIGH","0.4715"
"AST007320","HIGH","0.4712"
"AST034550","HIGH","0.4711"
"AST020592","HIGH","0.4711"
"AST027436","HIGH","0.471"
"AST040963","HIGH","0.4709"
"AST005954","HIGH","0.4708"
"AST024495","HIGH","0.4707"
"AST037075","HIGH","0.4707"
"AST011568","HIGH","0.4707"
"AST020796","HIGH","0.4706"
"AST025292","HIGH","0.4705"
"AST003884","HIGH","0.4705"
"AST006659","HIGH","0.4704"
"AST040077","HIGH","0.4703"
"AST034145","HIGH","0.4702"
"AST016093","HIGH","0.4702"
"AST017248","HIGH","0.4701"
"AST023822","HIGH","0.4699"
"AST020534","HIGH","0.4698"
"AST020525","HIGH","0.4698"
"AST000097","HIGH","0.4698"
"AST004195","HIGH","0.4698"
"AST037174","HIGH","0.4698"
"AST007654","HIGH","0.4697"
"AST022217","HIGH","0.4697"
"AST032030","HIGH","0.4697"
"AST032973","HIGH","0.4697"
"AST038059","HIGH","0.4696"
"AST024306","HIGH","0.4696"
"AST034707","HIGH","0.4695"
"AST012869","HIGH","0.4694"
"AST017962","HIGH","0.4694"
"AST036630","HIGH","0.4693"
"AST030618","HIGH","0.4692"
"AST026337","HIGH","0.469"
"AST021068","HIGH","0.4688"
"AST014200","HIGH","0.4688"
"AST019338","HIGH","0.4687"
"AST007618","HIGH","0.4687"
"AST000314","HIGH","0.4682"
"AST003340","HIGH","0.4682"
"AST016336","HIGH","0.4681"
"AST013174","HIGH","0.468"
"AST039910","HIGH","0.4679"
"AST024530","HIGH","0.4678"
"AST034054","HIGH","0.4678"
"AST031200","HIGH","0.4678"
"AST039041","HIGH","0.4678"
"AST035678","HIGH","0.4677"
"AST000738","HIGH","0.4677"
"AST005440","HIGH","0.4676"
"AST023066","HIGH","0.4675"
"AST012842","HIGH","0.4675"
"AST000579","HIGH","0.4675"
"AST023584","HIGH","0.4674"
"AST005987","HIGH","0.4674"
"AST022750","HIGH","0.4674"
"AST006693","HIGH","0.4674"
"AST005640","HIGH","0.4671"
"AST008688","HIGH","0.4668"
"AST001937","HIGH","0.4665"
"AST032018","HIGH","0.4664"
"AST012230","HIGH","0.4663"
"AST012378","HIGH","0.4662"
"AST033346","HIGH","0.4662"
"AST020185","HIGH","0.4661"
"AST003890","HIGH","0.4661"
"AST030226","HIGH","0.4661"
"AST034391","HIGH","0.466"
"AST020867","HIGH","0.4659"
"AST015600","HIGH","0.4659"
"AST031939","HIGH","0.4659"
"AST002952","HIGH","0.4657"
"AST028298","HIGH","0.4655"
"AST025237","HIGH","0.4654"
"AST031436","HIGH","0.4654"
"AST007672","HIGH","0.4653"
"AST002443","HIGH","0.4652"
"AST015672","HIGH","0.4652"
"AST025626","HIGH","0.4649"
"AST011937","HIGH","0.4649"
"AST021986","HIGH","0.4649"
"AST026346","HIGH","0.4649"
"AST037099","HIGH","0.4648"
"AST036571","HIGH","0.4648"
"AST023418","HIGH","0.4648"
"AST016846","HIGH","0.4648"
"AST003072","HIGH","0.4647"
"AST019715","HIGH","0.4644"
"AST018695","HIGH","0.4643"
"AST039380","HIGH","0.4643"
"AST019705","HIGH","0.4643"
"AST001909","HIGH","0.4643"
"AST016182","HIGH","0.4642"
"AST010845","HIGH","0.4642"
"AST036745","HIGH","0.4642"
"AST005279","HIGH","0.4639"
"AST038413","HIGH","0.4638"
"AST037890","HIGH","0.4637"
"AST020498","HIGH","0.4636"
"AST014239","HIGH","0.4636"
"AST039950","HIGH","0.4635"
"AST023805","HIGH","0.4635"
"AST025017","HIGH","0.4635"
"AST002114","HIGH","0.4635"
"AST019793","HIGH","0.4634"
"AST036279","HIGH","0.4634"
"AST039437","HIGH","0.4633"
"AST014128","HIGH","0.4632"
"AST017002","HIGH","0.4631"
"AST005356","HIGH","0.4631"
"AST007445","HIGH","0.4629"
"AST027905","HIGH","0.4629"
"AST026877","HIGH","0.4628"
"AST030527","HIGH","0.4627"
"AST012242","HIGH","0.4626"
"AST008377","HIGH","0.4625"
"AST036808","HIGH","0.4625"
"AST003730","HIGH","0.4624"
"AST018494","HIGH","0.4622"
"AST002142","HIGH","0.4622"
"AST024631","HIGH","0.4621"
"AST021734","HIGH","0.4621"
"AST006248","HIGH","0.4619"
"AST039970","HIGH","0.4619"
"AST030956","HIGH","0.4618"
"AST008548","HIGH","0.4618"
"AST022961","HIGH","0.4617"
"AST032646","HIGH","0.4617"
"AST024416","HIGH","0.4617"
"AST013315","HIGH","0.4617"
"AST041462","HIGH","0.4617"
"AST026992","HIGH","0.4616"
"AST024377","HIGH","0.4616"
"AST003360","HIGH","0.4615"
"AST031104","HIGH","0.4615"
"AST007683","HIGH","0.4615"
"AST013005","HIGH","0.4615"
"AST024652","HIGH","0.4614"
"AST029178","HIGH","0.4614"
"AST014066","HIGH","0.4614"
"AST023568","HIGH","0.4614"
"AST020860","HIGH","0.4613"
"AST033812","HIGH","0.4613"
"AST015587","HIGH","0.4611"
"AST006528","HIGH","0.4611"
"AST028270","HIGH","0.4609"
"AST009491","HIGH","0.4608"
"AST015143","HIGH","0.4607"
"AST017311","HIGH","0.4607"
"AST030135","HIGH","0.4606"
"AST040925","HIGH","0.4605"
"AST000052","HIGH","0.4605"
"AST022763","HIGH","0.4604"
"AST037120","HIGH","0.4603"
"AST038734","HIGH","0.46"
"AST001101","HIGH","0.4599"
"AST032133","HIGH","0.4598"
"AST012393","HIGH","0.4598"
"AST037779","HIGH","0.4598"
"AST012513","HIGH","0.4598"
"AST001702","HIGH","0.4597"
"AST022513","HIGH","0.4597"
"AST030565","HIGH","0.4596"
"AST024732","HIGH","0.4595"
"AST020232","HIGH","0.4594"
"AST020341","HIGH","0.4593"
"AST026134","HIGH","0.4592"
"AST001156","HIGH","0.4591"
"AST039902","HIGH","0.4591"
"AST019863","HIGH","0.4591"
"AST016981","HIGH","0.459"
"AST014193","HIGH","0.4589"
"AST030994","HIGH","0.4589"
"AST040700","HIGH","0.4589"
"AST030769","HIGH","0.4589"
"AST023062","HIGH","0.4588"
"AST007496","HIGH","0.4588"
"AST041267","HIGH","0.4587"
"AST010451","HIGH","0.4587"
"AST014278","HIGH","0.4586"
"AST038865","HIGH","0.4585"
"AST035931","HIGH","0.4585"
"AST032270","HIGH","0.4584"
"AST019390","HIGH","0.4583"
"AST023884","HIGH","0.4582"
"AST024969","HIGH","0.4582"
"AST028050","HIGH","0.4582"
"AST039682","HIGH","0.4581"
"AST000202","HIGH","0.458"
"AST040131","HIGH","0.458"
"AST018103","HIGH","0.458"
"AST018705","HIGH","0.458"
"AST023370","HIGH","0.4579"
"AST022890","HIGH","0.4578"
"AST022337","HIGH","0.4578"
"AST029785","HIGH","0.4578"
"AST036780","HIGH","0.4577"
"AST034920","HIGH","0.4577"
"AST011157","HIGH","0.4576"
"AST007528","HIGH","0.4575"
"AST024281","HIGH","0.4575"
"AST017437","HIGH","0.4574"
"AST029034","HIGH","0.4574"
"AST015400","HIGH","0.4574"
"AST017082","HIGH","0.4574"
"AST021479","HIGH","0.4573"
"AST040288","HIGH","0.4573"
"AST032689","HIGH","0.4572"
"AST019797","HIGH","0.4571"
"AST017132","HIGH","0.4571"
"AST032288","HIGH","0.457"
"AST032115","HIGH","0.457"
"AST023679","HIGH","0.4569"
"AST008659","HIGH","0.4568"
"AST027713","HIGH","0.4567"
"AST007588","HIGH","0.4566"
"AST014864","HIGH","0.4566"
"AST038732","HIGH","0.4563"
"AST006885","HIGH","0.4563"
"AST037403","HIGH","0.4563"
"AST019012","HIGH","0.4563"
"AST040641","HIGH","0.4562"
"AST027218","HIGH","0.4562"
"AST023819","HIGH","0.4562"
"AST015220","HIGH","0.4561"
"AST039265","HIGH","0.4561"
"AST023830","HIGH","0.4561"
"AST040510","HIGH","0.4561"
"AST036204","HIGH","0.4561"
"AST040143","HIGH","0.456"
"AST037555","HIGH","0.456"
"AST006090","HIGH","0.4559"
"AST017379","HIGH","0.4559"
"AST032995","HIGH","0.4558"
"AST040193","HIGH","0.4555"
"AST033969","HIGH","0.4555"
"AST005632","HIGH","0.4555"
"AST011309","HIGH","0.4555"
"AST027015","HIGH","0.4554"
"AST013185","HIGH","0.4554"
"AST036480","HIGH","0.4554"
"AST028582","HIGH","0.4554"
"AST030645","HIGH","0.4554"
"AST014611","HIGH","0.4553"
"AST006653","HIGH","0.4553"
"AST002202","HIGH","0.4553"
"AST018794","HIGH","0.4553"
"AST016992","HIGH","0.4552"
"AST030428","HIGH","0.4552"
"AST028530","HIGH","0.4552"
"AST021455","HIGH","0.4551"
"AST038570","HIGH","0.4551"
"AST039176","HIGH","0.4551"
"AST031604","HIGH","0.4551"
"AST033189","HIGH","0.4549"
"AST038968","HIGH","0.4549"
"AST017332","HIGH","0.4548"
"AST038327","HIGH","0.4548"
"AST024946","HIGH","0.4547"
"AST017100","HIGH","0.4546"
"AST018736","HIGH","0.4546"
"AST025772","HIGH","0.4545"
"AST038985","HIGH","0.4545"
"AST028902","HIGH","0.4543"
"AST041550","HIGH","0.4543"
"AST019934","HIGH","0.4542"
"AST034444","HIGH","0.4542"
"AST034516","HIGH","0.4541"
"AST031452","HIGH","0.454"
"AST024939","HIGH","0.4539"
"AST018924","HIGH","0.4539"
"AST032186","HIGH","0.4538"
"AST037066","HIGH","0.4538"
"AST009679","HIGH","0.4537"
"AST039607","HIGH","0.4536"
"AST039322","HIGH","0.4536"
"AST029471","HIGH","0.4533"
"AST021554","HIGH","0.4533"
"AST028083","HIGH","0.4533"
"AST020870","HIGH","0.4533"
"AST025079","HIGH","0.4532"
"AST001808","HIGH","0.4532"
"AST007093","HIGH","0.4532"
"AST008219","HIGH","0.4532"
"AST015710","HIGH","0.4531"
"AST036457","HIGH","0.4531"
"AST032772","HIGH","0.453"
"AST022287","HIGH","0.453"
"AST038288","HIGH","0.4529"
"AST029637","HIGH","0.4528"
"AST005670","HIGH","0.4528"
"AST018836","HIGH","0.4527"
"AST033978","HIGH","0.4527"
"AST024992","HIGH","0.4527"
"AST033676","HIGH","0.4526"
"AST034750","HIGH","0.4526"
"AST007328","HIGH","0.4525"
"AST001908","HIGH","0.4525"
"AST027526","HIGH","0.4524"
"AST026078","HIGH","0.4523"
"AST026185","HIGH","0.4522"
"AST022735","HIGH","0.4521"
"AST018891","HIGH","0.452"
"AST015453","HIGH","0.4519"
"AST014347","HIGH","0.4519"
"AST013260","HIGH","0.4519"
"AST000027","HIGH","0.4519"
"AST027550","HIGH","0.4519"
"AST011906","HIGH","0.4518"
"AST011918","HIGH","0.4518"
"AST022522","HIGH","0.4517"
"AST036133","HIGH","0.4516"
"AST005564","HIGH","0.4514"
"AST038048","HIGH","0.4514"
"AST002517","HIGH","0.4514"
"AST021650","HIGH","0.4514"
"AST006078","HIGH","0.4513"
"AST022703","HIGH","0.4513"
"AST004870","HIGH","0.4512"
"AST038033","HIGH","0.4512"
"AST023128","HIGH","0.4512"
"AST010746","HIGH","0.4511"
"AST022659","HIGH","0.451"
"AST035074","HIGH","0.4509"
"AST004349","HIGH","0.4509"
"AST030374","HIGH","0.4508"
"AST021181","HIGH","0.4507"
"AST038582","HIGH","0.4506"
"AST013353","HIGH","0.4506"
"AST036328","HIGH","0.4506"
"AST037294","HIGH","0.4505"
"AST040260","HIGH","0.4505"
"AST032207","HIGH","0.4504"
"AST016844","HIGH","0.4504"
"AST008637","HIGH","0.4503"
"AST034941","HIGH","0.4502"
"AST006949","HIGH","0.4502"
"AST008273","HIGH","0.4501"
"AST003757","HIGH","0.4501"
"AST025103","HIGH","0.45"
"AST015978","HIGH","0.4499"
"AST037926","HIGH","0.4498"
"AST020133","HIGH","0.4497"
"AST020756","HIGH","0.4496"
"AST012880","HIGH","0.4496"
"AST016494","HIGH","0.4496"
"AST025818","HIGH","0.4496"
"AST038251","HIGH","0.4496"
"AST004935","HIGH","0.4495"
"AST004285","HIGH","0.4494"
"AST029356","HIGH","0.4494"
"AST026553","HIGH","0.4492"
"AST037090","HIGH","0.4492"
"AST017144","HIGH","0.4491"
"AST005853","HIGH","0.4491"
"AST035975","HIGH","0.449"
"AST001363","HIGH","0.449"
"AST031617","HIGH","0.449"
"AST017468","HIGH","0.449"
"AST013950","HIGH","0.449"
"AST024823","HIGH","0.4489"
"AST030149","HIGH","0.4489"
"AST040703","HIGH","0.4489"
"AST008648","HIGH","0.4488"
"AST024280","HIGH","0.4487"
"AST009062","HIGH","0.4487"
"AST027298","HIGH","0.4486"
"AST001294","HIGH","0.4486"
"AST001829","HIGH","0.4486"
"AST006735","HIGH","0.4481"
"AST032245","HIGH","0.4481"
"AST021655","HIGH","0.4481"
"AST039667","HIGH","0.4481"
"AST021077","HIGH","0.448"
"AST004526","HIGH","0.448"
"AST036085","HIGH","0.4479"
"AST034141","HIGH","0.4478"
"AST002124","HIGH","0.4478"
"AST035961","HIGH","0.4476"
"AST014111","HIGH","0.4476"
"AST004149","HIGH","0.4475"
"AST023259","HIGH","0.4474"
"AST005726","HIGH","0.4474"
"AST001196","HIGH","0.4473"
"AST006047","HIGH","0.4473"
"AST029416","HIGH","0.4473"
"AST021299","HIGH","0.4473"
"AST009747","HIGH","0.4472"
"AST035255","HIGH","0.4471"
"AST035371","HIGH","0.447"
"AST006548","HIGH","0.4469"
"AST039445","HIGH","0.4468"
"AST027718","HIGH","0.4468"
"AST005377","HIGH","0.4467"
"AST000389","HIGH","0.4467"
"AST017683","HIGH","0.4466"
"AST011062","HIGH","0.4464"
"AST036787","HIGH","0.4462"
"AST020253","HIGH","0.4462"
"AST028507","HIGH","0.4461"
"AST036811","HIGH","0.446"
"AST019645","HIGH","0.446"
"AST040851","HIGH","0.446"
"AST039494","HIGH","0.4459"
"AST029486","HIGH","0.4457"
"AST028932","HIGH","0.4456"
"AST010518","HIGH","0.4454"
"AST011127","HIGH","0.4453"
"AST024746","HIGH","0.445"
"AST019629","HIGH","0.4448"
"AST029763","HIGH","0.4448"
"AST037323","HIGH","0.4445"
"AST033425","HIGH","0.4445"
"AST015537","HIGH","0.4444"
"AST022741","HIGH","0.4444"
"AST021624","HIGH","0.444"
"AST011087","HIGH","0.444"
"AST017637","HIGH","0.4439"
"AST018316","HIGH","0.4439"
"AST038975","HIGH","0.4439"
"AST039595","HIGH","0.4438"
"AST032191","HIGH","0.4437"
"AST040975","HIGH","0.4436"
"AST024078","HIGH","0.4435"
"AST032217","HIGH","0.4435"
"AST032905","HIGH","0.4431"
"AST005785","HIGH","0.443"
"AST009670","HIGH","0.4428"
"AST031166","HIGH","0.4426"
"AST040211","HIGH","0.4425"
"AST029815","HIGH","0.4424"
"AST028920","HIGH","0.4424"
"AST034228","HIGH","0.4423"
"AST011654","HIGH","0.442"
"AST034301","HIGH","0.442"
"AST024211","HIGH","0.442"
"AST013807","HIGH","0.4419"
"AST025435","HIGH","0.4419"
"AST015164","HIGH","0.4416"
"AST018304","HIGH","0.4416"
"AST003627","HIGH","0.4416"
"AST020762","HIGH","0.4416"
"AST007159","HIGH","0.4416"
"AST011292","HIGH","0.4415"
"AST036431","HIGH","0.4415"
"AST007300","HIGH","0.4413"
"AST021629","HIGH","0.441"
"AST020750","HIGH","0.441"
"AST036413","HIGH","0.441"
"AST011142","HIGH","0.4409"
"AST025998","HIGH","0.4409"
"AST034125","HIGH","0.4409"
"AST027434","HIGH","0.4408"
"AST011269","HIGH","0.4407"
"AST010612","HIGH","0.4406"
"AST022242","HIGH","0.4403"
"AST021412","HIGH","0.4402"
"AST019530","HIGH","0.4402"
"AST032863","HIGH","0.4401"
"AST026081","HIGH","0.4401"
"AST028448","HIGH","0.4401"
"AST008845","HIGH","0.4399"
"AST029569","HIGH","0.4399"
"AST034476","HIGH","0.4398"
"AST017031","HIGH","0.4398"
"AST018744","HIGH","0.4395"
"AST019814","HIGH","0.4395"
"AST028377","HIGH","0.4395"
"AST006116","HIGH","0.4394"
"AST031500","HIGH","0.4394"
"AST034062","HIGH","0.4394"
"AST027735","HIGH","0.4392"
"AST040509","HIGH","0.4392"
"AST006758","HIGH","0.4391"
"AST004205","HIGH","0.439"
"AST008257","HIGH","0.4388"
"AST018862","HIGH","0.4388"
"AST013908","HIGH","0.4386"
"AST002110","HIGH","0.4386"
"AST021639","HIGH","0.4385"
"AST006691","HIGH","0.4384"
"AST017448","HIGH","0.4383"
"AST012783","HIGH","0.4382"
"AST003778","HIGH","0.4382"
"AST004482","HIGH","0.438"
"AST015480","HIGH","0.438"
"AST034802","HIGH","0.438"
"AST001006","HIGH","0.4378"
"AST000518","HIGH","0.4375"
"AST020383","HIGH","0.4371"
"AST006498","HIGH","0.4367"
"AST036499","HIGH","0.4364"
"AST005609","HIGH","0.4363"
"AST029718","HIGH","0.4363"
"AST029018","HIGH","0.4363"
"AST009226","HIGH","0.4362"
"AST004720","HIGH","0.4361"
"AST026747","HIGH","0.4359"
"AST025344","HIGH","0.4352"
"AST022466","HIGH","0.435"
"AST003855","HIGH","0.435"
"AST018271","HIGH","0.4349"
"AST033946","HIGH","0.4349"
"AST021922","HIGH","0.4347"
"AST023753","HIGH","0.4344"
"AST006129","HIGH","0.4344"
"AST014878","HIGH","0.4344"
"AST030233","HIGH","0.4343"
"AST030712","HIGH","0.4342"
"AST019498","HIGH","0.4342"
"AST008775","HIGH","0.4341"
"AST037245","HIGH","0.4338"
"AST000265","HIGH","0.4337"
"AST008091","HIGH","0.4334"
"AST013157","HIGH","0.4333"
"AST000085","HIGH","0.4331"
"AST000181","HIGH","0.433"
"AST032234","HIGH","0.4329"
"AST010760","HIGH","0.4328"
"AST002953","HIGH","0.4328"
"AST032733","HIGH","0.4328"
"AST019852","HIGH","0.4327"
"AST020134","HIGH","0.4323"
"AST029314","HIGH","0.4322"
"AST009950","HIGH","0.432"
"AST031970","HIGH","0.4315"
"AST027586","HIGH","0.4313"
"AST027931","HIGH","0.4309"
"AST011593","HIGH","0.4306"
"AST007546","HIGH","0.4305"
"AST019621","HIGH","0.4304"
"AST020399","HIGH","0.4303"
"AST026375","HIGH","0.4301"
"AST000353","HIGH","0.43"
"AST026484","HIGH","0.4299"
"AST001961","HIGH","0.4298"
"AST007180","HIGH","0.4297"
"AST010145","HIGH","0.4296"
"AST026965","HIGH","0.4296"
"AST010519","HIGH","0.4295"
"AST026251","HIGH","0.4293"
"AST011897","HIGH","0.4288"
"AST007318","HIGH","0.4287"
"AST033979","HIGH","0.4283"
"AST034970","HIGH","0.4281"
"AST001496","HIGH","0.4281"
"AST023425","HIGH","0.4279"
"AST023970","HIGH","0.4279"
"AST034227","HIGH","0.4278"
"AST023190","HIGH","0.4277"
"AST000375","HIGH","0.4276"
"AST015206","HIGH","0.4275"
"AST005030","HIGH","0.4275"
"AST004545","HIGH","0.4273"
"AST038505","HIGH","0.427"
"AST008161","HIGH","0.4268"
"AST024557","HIGH","0.4267"
"AST005824","HIGH","0.4265"
"AST030274","HIGH","0.4264"
"AST035282","HIGH","0.4264"
"AST023569","HIGH","0.4263"
"AST022625","HIGH","0.4262"
"AST016820","HIGH","0.4262"
"AST025452","HIGH","0.4259"
"AST009792","HIGH","0.4258"
"AST006185","HIGH","0.4245"
"AST012075","HIGH","0.4245"
"AST033826","HIGH","0.4245"
"AST037328","HIGH","0.4243"
"AST012034","HIGH","0.4242"
"AST001460","HIGH","0.4241"
"AST040475","HIGH","0.424"
"AST014349","HIGH","0.4238"
"AST014303","HIGH","0.4238"
"AST012216","HIGH","0.4238"
"AST012553","HIGH","0.4238"
"AST018427","HIGH","0.4226"
"AST041169","HIGH","0.4225"
"AST031330","HIGH","0.4225"
"AST029504","HIGH","0.4223"
"AST040248","HIGH","0.4222"
"AST019671","HIGH","0.4221"
"AST030974","HIGH","0.4221"
"AST024866","HIGH","0.4217"
"AST005296","HIGH","0.421"
"AST018456","HIGH","0.4204"
"AST021089","HIGH","0.4204"
"AST024950","HIGH","0.4203"
"AST028687","HIGH","0.4201"
"AST019481","HIGH","0.42"
"AST031741","HIGH","0.4198"
"AST022095","HIGH","0.4196"
"AST003324","HIGH","0.4196"
"AST005059","HIGH","0.4196"
"AST035624","HIGH","0.4196"
"AST041377","HIGH","0.4195"
"AST014017","HIGH","0.4194"
"AST034652","HIGH","0.4191"
"AST004964","HIGH","0.4191"
"AST011855","HIGH","0.419"
"AST039559","HIGH","0.4187"
"AST014110","HIGH","0.4184"
"AST021461","HIGH","0.4183"
"AST027318","HIGH","0.4183"
"AST004315","HIGH","0.4181"
"AST035208","HIGH","0.4179"
"AST039933","HIGH","0.4178"
"AST028757","HIGH","0.4177"
"AST008794","HIGH","0.4175"
"AST030176","HIGH","0.4172"
"AST002231","HIGH","0.4169"
"AST037624","HIGH","0.4163"
"AST014374","HIGH","0.4156"
"AST036180","HIGH","0.4149"
"AST037537","HIGH","0.4145"
"AST012728","HIGH","0.4143"
"AST003984","HIGH","0.4142"
"AST024093","HIGH","0.414"
"AST004209","HIGH","0.4139"
"AST004393","HIGH","0.4139"
"AST009560","HIGH","0.4137"
"AST007377","HIGH","0.4137"
"AST008072","HIGH","0.4137"
"AST003086","HIGH","0.4133"
"AST012321","HIGH","0.4126"
"AST040716","HIGH","0.4117"
"AST019713","HIGH","0.4112"
"AST033905","HIGH","0.411"
"AST026871","HIGH","0.4109"
"AST013164","HIGH","0.4109"
"AST009798","HIGH","0.4108"
"AST031595","HIGH","0.4107"
"AST037968","HIGH","0.4103"
"AST033988","HIGH","0.4103"
"AST013926","HIGH","0.4098"
"AST028372","HIGH","0.4097"
"AST016920","HIGH","0.4094"
"AST024983","HIGH","0.4093"
"AST027157","HIGH","0.4092"
"AST019753","HIGH","0.4087"
"AST007856","HIGH","0.408"
"AST041350","HIGH","0.4076"
"AST030785","HIGH","0.4072"
"AST022714","HIGH","0.4069"
"AST006658","HIGH","0.4066"
"AST012578","HIGH","0.4058"
"AST012627","HIGH","0.4058"
"AST037959","HIGH","0.4058"
"AST025244","HIGH","0.4055"
"AST007208","HIGH","0.4054"
"AST009563","HIGH","0.4053"
"AST016415","HIGH","0.4052"
"AST041207","HIGH","0.4051"
"AST031191","HIGH","0.4039"
"AST004748","HIGH","0.4036"
"AST036244","HIGH","0.4032"
"AST008844","HIGH","0.4027"
"AST040867","HIGH","0.4026"
"AST025952","HIGH","0.4026"
"AST023900","HIGH","0.4021"
"AST022293","HIGH","0.402"
"AST041300","HIGH","0.4018"
"AST038101","HIGH","0.4016"
"AST021137","HIGH","0.4009"
"AST009682","HIGH","0.4004"
"AST032366","HIGH","0.4001"
"AST027490","HIGH","0.4001"
"AST036199","MEDIUM","0.3997"
"AST005540","MEDIUM","0.3995"
"AST028036","MEDIUM","0.3976"
"AST025860","MEDIUM","0.3971"
"AST022329","MEDIUM","0.3969"
"AST000948","MEDIUM","0.3968"
"AST041422","MEDIUM","0.3967"
"AST029829","MEDIUM","0.396"
"AST017484","MEDIUM","0.3953"
"AST029595","MEDIUM","0.3951"
"AST014417","MEDIUM","0.3945"
"AST001457","MEDIUM","0.3944"
"AST011428","MEDIUM","0.3943"
"AST038523","MEDIUM","0.3943"
"AST029266","MEDIUM","0.3942"
"AST021091","MEDIUM","0.3942"
"AST033514","MEDIUM","0.3939"
"AST022171","MEDIUM","0.3939"
"AST039592","MEDIUM","0.3937"
"AST017988","MEDIUM","0.3935"
"AST030314","MEDIUM","0.3932"
"AST001167","MEDIUM","0.3928"
"AST002500","MEDIUM","0.3928"
"AST005414","MEDIUM","0.3927"
"AST034751","MEDIUM","0.3925"
"AST034821","MEDIUM","0.3923"
"AST027925","MEDIUM","0.3917"
"AST010809","MEDIUM","0.3915"
"AST038258","MEDIUM","0.3914"
"AST012283","MEDIUM","0.3913"
"AST011419","MEDIUM","0.391"
"AST001349","MEDIUM","0.3908"
"AST034759","MEDIUM","0.3905"
"AST032109","MEDIUM","0.3904"
"AST037612","MEDIUM","0.3902"
"AST028895","MEDIUM","0.3902"
"AST009159","MEDIUM","0.3901"
"AST039710","MEDIUM","0.39"
"AST007435","MEDIUM","0.3896"
"AST031554","MEDIUM","0.3895"
"AST006591","MEDIUM","0.3892"
"AST020154","MEDIUM","0.389"
"AST019751","MEDIUM","0.3889"
"AST041172","MEDIUM","0.388"
"AST016109","MEDIUM","0.3879"
"AST032171","MEDIUM","0.3876"
"AST013657","MEDIUM","0.3875"
"AST020636","MEDIUM","0.3875"
"AST009740","MEDIUM","0.3875"
"AST001963","MEDIUM","0.3873"
"AST003947","MEDIUM","0.3872"
"AST020183","MEDIUM","0.3871"
"AST017046","MEDIUM","0.3871"
"AST041288","MEDIUM","0.3869"
"AST023406","MEDIUM","0.3867"
"AST002971","MEDIUM","0.3862"
"AST040067","MEDIUM","0.3862"
"AST035138","MEDIUM","0.3858"
"AST010384","MEDIUM","0.3853"
"AST000250","MEDIUM","0.3853"
"AST004241","MEDIUM","0.3849"
"AST039699","MEDIUM","0.3848"
"AST008058","MEDIUM","0.3845"
"AST002901","MEDIUM","0.3844"
"AST029184","MEDIUM","0.3842"
"AST035988","MEDIUM","0.3842"
"AST035593","MEDIUM","0.3841"
"AST034612","MEDIUM","0.3839"
"AST003165","MEDIUM","0.3837"
"AST013916","MEDIUM","0.3827"
"AST017781","MEDIUM","0.3826"
"AST023932","MEDIUM","0.3822"
"AST005087","MEDIUM","0.3821"
"AST034436","MEDIUM","0.3818"
"AST029825","MEDIUM","0.3816"
"AST023953","MEDIUM","0.3815"
"AST027783","MEDIUM","0.3813"
"AST008931","MEDIUM","0.3806"
"AST032775","MEDIUM","0.3804"
"AST003303","MEDIUM","0.3796"
"AST016343","MEDIUM","0.3796"
"AST001073","MEDIUM","0.3795"
"AST012037","MEDIUM","0.3794"
"AST016686","MEDIUM","0.3792"
"AST009996","MEDIUM","0.3791"
"AST003171","MEDIUM","0.3786"
"AST012369","MEDIUM","0.3785"
"AST027332","MEDIUM","0.3784"
"AST006265","MEDIUM","0.3782"
"AST021330","MEDIUM","0.3781"
"AST012798","MEDIUM","0.378"
"AST009223","MEDIUM","0.3775"
"AST024909","MEDIUM","0.3773"
"AST020635","MEDIUM","0.377"
"AST024973","MEDIUM","0.3769"
"AST010396","MEDIUM","0.3768"
"AST014065","MEDIUM","0.3768"
"AST027432","MEDIUM","0.3764"
"AST021556","MEDIUM","0.3759"
"AST019494","MEDIUM","0.3755"
"AST036782","MEDIUM","0.3752"
"AST012070","MEDIUM","0.3752"
"AST033422","MEDIUM","0.3748"
"AST001930","MEDIUM","0.3743"
"AST038247","MEDIUM","0.3739"
"AST029739","MEDIUM","0.3719"
"AST023793","MEDIUM","0.3717"
"AST031510","MEDIUM","0.3717"
"AST036202","MEDIUM","0.3701"
"AST020673","MEDIUM","0.3694"
"AST010022","MEDIUM","0.3685"
"AST029844","MEDIUM","0.3677"
"AST032807","MEDIUM","0.3673"
"AST015179","MEDIUM","0.3671"
"AST003649","MEDIUM","0.3668"
"AST027493","MEDIUM","0.3665"
"AST013736","MEDIUM","0.3663"
"AST015861","MEDIUM","0.3656"
"AST030403","MEDIUM","0.3656"
"AST036010","MEDIUM","0.3655"
"AST040282","MEDIUM","0.365"
"AST011315","MEDIUM","0.3648"
"AST004047","MEDIUM","0.3629"
"AST007979","MEDIUM","0.3625"
"AST018592","MEDIUM","0.3622"
"AST020017","MEDIUM","0.3614"
"AST018792","MEDIUM","0.3611"
"AST019654","MEDIUM","0.3594"
"AST001606","MEDIUM","0.359"
"AST017986","MEDIUM","0.3564"
"AST018921","MEDIUM","0.3557"
"AST040085","MEDIUM","0.3557"
"AST031557","MEDIUM","0.3552"
"AST020439","MEDIUM","0.3543"
"AST010343","MEDIUM","0.352"
"AST006995","MEDIUM","0.3487"
"AST024507","MEDIUM","0.3467"
"AST024400","MEDIUM","0.3466"
"AST024743","MEDIUM","0.3464"
"AST026174","MEDIUM","0.3457"
"AST036125","MEDIUM","0.3443"
"AST027689","MEDIUM","0.3433"
"AST025999","MEDIUM","0.342"
"AST013171","MEDIUM","0.3418"
"AST010234","MEDIUM","0.3414"
"AST004176","MEDIUM","0.3399"
"AST017821","MEDIUM","0.3398"
"AST027347","MEDIUM","0.3382"
"AST030507","MEDIUM","0.3374"
"AST022049","MEDIUM","0.3332"
"AST003363","MEDIUM","0.3297"
"AST008714","MEDIUM","0.3256"
"AST030589","MEDIUM","0.3246"
"AST023205","MEDIUM","0.3172"
